node,cpu_energy_mj,lpm_energy_mj,radio_tx_energy_mj,radio_rx_energy_mj,node_time,total_sent,total_received,bytes_tx,bytes_rx,r2n_latency,lqi,rssi,server_sent,server_received,server_bytes_rx,n2r_latency,hops,rtt_latency,root_time_now
fd00::202:2:2:2,37,0,0,23,20903,1,0,60,0,0,0,0,0,1,60,27,0,0,20930
fd00::202:2:2:2,18,0,0,8,31432,2,1,60,12,44,100,-27,1,3,60,68,0,57,31500
fd00::202:2:2:2,18,0,0,8,41965,3,2,60,12,54,100,-27,2,5,60,35,0,62,42000
fd00::202:2:2:2,18,0,0,8,52494,4,3,60,12,64,100,-27,3,7,60,6,0,67,52500
fd00::202:2:2:2,18,0,0,8,63025,5,4,60,12,74,100,-27,4,9,60,45,0,72,63070
fd00::202:2:2:2,18,0,0,8,73556,6,5,60,12,14,100,-27,5,11,60,14,0,42,73570
fd00::202:2:2:2,18,0,0,8,84089,7,6,60,12,24,100,-27,6,13,60,51,0,47,84140
fd00::202:2:2:2,18,0,0,8,94618,8,7,60,12,34,100,-27,7,15,60,22,0,52,94640
fd00::202:2:2:2,18,0,0,8,105149,9,8,60,12,44,100,-27,8,17,60,61,0,57,105210
fd00::202:2:2:2,18,0,0,8,115682,10,9,60,12,54,100,-27,9,19,60,28,0,62,115710
fd00::202:2:2:2,18,0,0,8,126213,11,10,60,12,64,100,-27,10,21,60,67,0,67,126280
fd00::202:2:2:2,18,0,0,8,136742,12,11,60,12,144,100,-27,11,23,60,38,0,107,136780
fd00::202:2:2:2,18,0,0,8,147275,13,12,60,12,14,100,-27,12,25,60,5,0,42,147280
fd00::202:2:2:2,18,0,0,8,157806,14,13,60,12,24,100,-27,13,27,60,44,0,47,157850
fd00::202:2:2:2,18,0,0,8,168337,15,14,60,12,34,100,-27,14,29,60,13,0,52,168350
fd00::202:2:2:2,18,0,0,8,178866,16,15,60,12,44,100,-27,15,31,60,54,0,57,178920
fd00::202:2:2:2,18,0,0,8,189399,17,16,60,12,54,100,-27,16,33,60,21,0,62,189420
fd00::202:2:2:2,18,0,0,8,199930,18,17,60,12,64,100,-27,18,35,60,61,0,67,199991
fd00::202:2:2:2,18,0,0,8,210459,19,19,60,12,14,100,-27,19,38,60,31,0,42,210490
fd00::202:2:2:2,18,0,0,8,220990,20,20,60,12,24,100,-27,20,40,60,70,0,47,221060
fd00::202:2:2:2,18,0,0,8,231521,21,21,60,12,34,100,-27,21,42,60,39,0,52,231560
fd00::202:2:2:2,18,0,0,8,242052,22,22,60,12,44,100,-27,22,44,60,8,0,57,242060
fd00::202:2:2:2,18,0,0,8,252585,23,23,60,12,54,100,-27,23,46,60,45,0,62,252630
fd00::202:2:2:2,18,0,0,8,263114,24,24,60,12,64,100,-27,24,48,60,16,0,67,263130
fd00::202:2:2:2,18,0,0,8,273645,25,25,60,12,74,100,-27,25,50,60,55,0,72,273700
fd00::202:2:2:2,18,0,0,8,284176,26,26,60,12,14,100,-27,26,52,60,24,0,42,284200
fd00::202:2:2:2,18,0,0,8,294709,27,27,60,12,24,100,-27,27,54,60,61,0,47,294770
fd00::202:2:2:2,18,0,0,8,305238,28,28,60,12,34,100,-27,28,56,60,32,0,52,305270
fd00::202:2:2:2,18,0,0,8,315769,29,29,60,12,44,100,-27,29,58,60,71,0,57,315840
fd00::202:2:2:2,18,0,0,8,326302,30,30,60,12,54,100,-27,30,60,60,38,0,62,326340
fd00::202:2:2:2,18,0,0,8,336833,31,31,60,12,64,100,-27,31,62,60,7,0,67,336840
fd00::202:2:2:2,18,0,0,8,347362,32,32,60,12,74,100,-27,32,64,60,48,0,72,347410
fd00::202:2:2:2,18,0,0,8,357895,33,33,60,12,14,100,-27,33,66,60,15,0,42,357910
fd00::202:2:2:2,18,0,0,8,368426,34,34,60,12,24,100,-27,34,68,60,54,0,47,368480
fd00::202:2:2:2,18,0,0,8,378957,35,35,60,12,34,100,-27,35,70,60,23,0,52,378980
fd00::202:2:2:2,18,0,0,8,389488,36,36,60,12,44,100,-27,36,72,60,62,0,57,389550
fd00::202:2:2:2,18,0,0,8,400017,37,37,60,12,54,100,-27,38,74,60,733,0,62,400750
fd00::202:2:2:2,18,0,0,8,410549,38,39,60,12,73,100,-27,39,77,60,71,0,71,410620
fd00::202:2:2:2,18,0,0,8,421079,39,40,60,12,14,100,-27,40,79,60,41,0,42,421120
fd00::202:2:2:2,18,0,0,8,431610,40,41,60,12,24,100,-27,41,81,60,10,0,47,431620
fd00::202:2:2:2,18,0,0,8,442141,41,42,60,12,34,100,-27,42,83,60,49,0,52,442190
fd00::202:2:2:2,18,0,0,8,452672,42,43,60,12,44,100,-27,43,85,60,18,0,57,452690
fd00::202:2:2:2,18,0,0,8,463205,43,44,60,12,54,100,-27,44,87,60,55,0,62,463260
fd00::202:2:2:2,18,0,0,8,473734,44,45,60,12,64,100,-27,45,89,60,26,0,67,473760
fd00::202:2:2:2,18,0,0,8,484265,45,46,60,12,74,100,-27,46,91,60,65,0,72,484330
fd00::202:2:2:2,18,0,0,8,494796,46,47,60,12,14,100,-27,47,93,60,34,0,42,494830
fd00::202:2:2:2,18,0,0,8,505331,47,48,60,12,24,100,-27,48,95,60,69,0,47,505400
fd00::202:2:2:2,18,0,0,8,515858,48,49,60,12,34,100,-27,49,97,60,42,0,52,515900
fd00::202:2:2:2,18,0,0,8,526389,49,50,60,12,44,100,-27,50,99,60,11,0,57,526400
fd00::202:2:2:2,18,0,0,8,536922,50,51,60,12,54,100,-27,51,101,60,48,0,62,536970
fd00::202:2:2:2,18,0,0,8,547453,51,52,60,12,64,100,-27,52,103,60,17,0,67,547470
fd00::202:2:2:2,18,0,0,8,557982,52,53,60,12,74,100,-27,53,105,60,58,0,72,558040
fd00::202:2:2:2,18,0,0,8,568513,53,54,60,12,14,100,-27,54,107,60,27,0,42,568540
fd00::202:2:2:2,18,0,0,8,579046,54,55,60,12,24,100,-27,55,109,60,64,0,47,579110
fd00::202:2:2:2,18,0,0,8,589577,55,56,60,12,34,100,-27,56,111,60,33,0,52,589610
fd00::202:2:2:2,18,0,0,8,600106,56,58,60,12,54,100,-27,58,114,60,74,0,62,600180
fd00::202:2:2:2,18,0,0,8,610637,57,59,60,12,64,100,-27,59,116,60,43,0,67,610680
fd00::202:2:2:2,18,0,0,8,621168,58,60,60,12,74,100,-27,60,118,60,12,0,72,621180
fd00::202:2:2:2,18,0,0,8,631699,59,61,60,12,14,100,-27,61,120,60,51,0,77,631750
fd00::202:2:2:2,18,0,0,8,642230,60,62,60,12,24,100,-27,62,122,60,20,0,47,642250
fd00::202:2:2:2,18,0,0,8,652761,61,63,60,12,34,100,-27,63,124,60,59,0,52,652820
fd00::202:2:2:2,18,0,0,8,663294,62,64,60,12,44,100,-27,64,126,60,26,0,57,663320
fd00::202:2:2:2,18,0,0,8,673823,63,65,60,12,54,100,-27,65,128,60,67,0,62,673890
fd00::202:2:2:2,18,0,0,8,684354,64,66,60,12,64,100,-27,66,130,60,36,0,67,684390
fd00::202:2:2:2,18,0,0,8,694885,65,67,60,12,74,100,-27,67,132,60,75,0,72,694960
fd00::202:2:2:2,18,0,0,8,705418,66,68,60,12,14,100,-27,68,134,60,42,0,42,705460
fd00::202:2:2:2,18,0,0,8,715949,67,69,60,12,24,100,-27,69,136,60,11,0,47,715960
fd00::202:2:2:2,18,0,0,8,726478,68,70,60,12,34,100,-27,70,138,60,52,0,52,726530
fd00::202:2:2:2,18,0,0,8,737009,69,71,60,12,44,100,-27,71,140,60,21,0,57,737030
fd00::202:2:2:2,18,0,0,8,747542,70,72,60,12,54,100,-27,72,142,60,58,0,62,747600
fd00::202:2:2:2,18,0,0,8,758073,71,73,60,12,64,100,-27,73,144,60,27,0,67,758100
fd00::202:2:2:2,18,0,0,8,768602,72,74,60,12,74,100,-27,74,146,60,68,0,72,768670
fd00::202:2:2:2,18,0,0,8,779133,73,75,60,12,14,100,-27,75,148,60,37,0,42,779170
fd00::202:2:2:2,18,0,0,8,789666,74,76,60,12,23,100,-27,76,150,60,4,0,46,789670
fd00::202:2:2:2,18,0,0,8,800195,75,78,60,12,44,100,-27,78,153,60,45,0,57,800240
fd00::202:2:2:2,18,0,0,8,810726,76,79,60,12,54,100,-27,79,155,60,14,0,62,810740
fd00::202:2:2:2,18,0,0,8,821257,77,80,60,12,64,100,-27,80,157,60,53,0,67,821310
fd00::202:2:2:2,18,0,0,8,831788,78,81,60,12,74,100,-27,81,159,60,22,0,72,831810
fd00::202:2:2:2,18,0,0,8,842319,79,82,60,12,14,100,-27,82,161,60,61,0,42,842380
fd00::202:2:2:2,18,0,0,8,852852,80,83,60,12,24,100,-27,83,163,60,28,0,47,852880
fd00::202:2:2:2,18,0,0,8,863381,81,84,60,12,34,100,-27,84,165,60,69,0,52,863450
fd00::202:2:2:2,18,0,0,8,873912,82,85,60,12,44,100,-27,85,167,60,38,0,57,873950
fd00::202:2:2:2,18,0,0,8,884443,83,86,60,12,54,100,-27,86,169,60,7,0,62,884450
fd00::202:2:2:2,18,0,0,8,894976,84,87,60,12,64,100,-27,87,171,60,44,0,67,895020
fd00::202:2:2:2,18,0,0,8,905507,85,88,60,12,74,100,-27,88,173,60,13,0,72,905520
fd00::202:2:2:2,18,0,0,8,916036,86,89,60,12,14,100,-27,89,175,60,54,0,42,916090
fd00::202:2:2:2,18,0,0,8,926567,87,90,60,12,24,100,-27,90,177,60,23,0,47,926590
fd00::202:2:2:2,18,0,0,8,937100,88,91,60,12,34,100,-27,91,179,60,60,0,52,937160
fd00::202:2:2:2,18,0,0,8,947631,89,92,60,12,44,100,-27,92,181,60,29,0,57,947660
fd00::202:2:2:2,18,0,0,8,958160,90,93,60,12,54,100,-27,93,183,60,70,0,62,958230
fd00::202:2:2:2,18,0,0,8,968691,91,94,60,12,64,100,-27,94,185,60,39,0,67,968730
fd00::202:2:2:2,18,0,0,8,979224,92,95,60,12,74,100,-27,95,187,60,6,0,72,979230
fd00::202:2:2:2,18,0,0,8,989755,93,96,60,12,14,100,-27,96,189,60,45,0,42,989800
fd00::202:2:2:2,18,0,0,8,1000284,94,98,60,12,34,100,-27,98,192,60,16,0,52,1000300
fd00::202:2:2:2,18,0,0,8,1010815,95,99,60,12,44,100,-27,99,194,60,55,0,57,1010870
fd00::202:2:2:2,18,0,0,8,1021346,96,100,60,12,54,100,-27,100,196,60,24,0,62,1021370
fd00::202:2:2:2,18,0,0,8,1031877,97,101,60,12,64,100,-27,101,198,60,63,0,67,1031940
fd00::202:2:2:2,18,0,0,8,1042408,98,102,60,12,74,100,-27,102,200,60,32,0,72,1042440
fd00::202:2:2:2,18,0,0,8,1052939,99,103,60,12,14,100,-27,103,202,60,71,0,42,1053010
fd00::202:2:2:2,18,0,0,8,1063472,100,104,60,12,24,100,-27,104,204,60,38,0,47,1063510
fd00::202:2:2:2,18,0,0,8,1074003,101,105,60,12,34,100,-27,105,206,60,7,0,52,1074010
fd00::202:2:2:2,18,0,0,8,1084532,102,106,60,12,44,100,-27,106,208,60,48,0,92,1084580
fd00::202:2:2:2,18,0,0,8,1095063,103,107,60,12,54,100,-27,107,210,60,17,0,62,1095080
fd00::202:2:2:2,18,0,0,8,1105596,104,108,60,12,64,100,-27,108,212,60,54,0,67,1105650
fd00::202:2:2:2,18,0,0,8,1116127,105,109,60,12,74,100,-27,109,214,60,23,0,72,1116150
fd00::202:2:2:2,18,0,0,8,1126656,106,110,60,12,14,100,-27,110,216,60,64,0,42,1126720
fd00::202:2:2:2,18,0,0,8,1137187,107,111,60,12,24,100,-27,111,218,60,33,0,47,1137220
fd00::202:2:2:2,18,0,0,8,1147721,108,112,60,12,34,100,-27,112,220,60,69,0,52,1147790
fd00::202:2:2:2,18,0,0,8,1158251,109,113,60,12,44,100,-27,113,222,60,39,0,57,1158290
fd00::202:2:2:2,18,0,0,8,1168780,110,114,60,12,54,100,-27,114,224,60,10,0,62,1168790
fd00::202:2:2:2,18,0,0,8,1179311,111,115,60,12,64,100,-27,115,226,60,49,0,67,1179360
fd00::202:2:2:2,18,0,0,8,1189844,112,116,60,12,74,100,-27,116,228,60,16,0,72,1189860
fd00::202:2:2:2,18,0,0,8,1200373,113,118,60,12,24,100,-27,118,231,60,57,0,47,1200430
fd00::202:2:2:2,18,0,0,8,1210904,114,119,60,12,34,100,-27,119,233,60,26,0,52,1210930
fd00::202:2:2:2,18,0,0,8,1221435,115,120,60,12,44,100,-27,120,235,60,65,0,57,1221500
fd00::202:2:2:2,18,0,0,8,1231966,116,121,60,12,54,100,-27,121,237,60,34,0,62,1232000
fd00::202:2:2:2,18,0,0,8,1242499,117,122,60,12,64,100,-27,122,239,60,71,0,67,1242570
fd00::202:2:2:2,18,0,0,8,1253030,118,123,60,12,74,100,-27,123,241,60,40,0,72,1253070
fd00::202:2:2:2,18,0,0,8,1263559,119,124,60,12,14,100,-27,124,243,60,11,0,42,1263570
fd00::202:2:2:2,18,0,0,8,1274090,120,125,60,12,24,100,-27,125,245,60,50,0,47,1274140
fd00::202:2:2:2,18,0,0,8,1284621,121,126,60,12,34,100,-27,126,247,60,19,0,52,1284640
fd00::202:2:2:2,18,0,0,8,1295154,122,127,60,12,44,100,-27,127,249,60,56,0,57,1295210
fd00::202:2:2:2,18,0,0,8,1305683,123,128,60,12,54,100,-27,128,251,60,27,0,62,1305710
fd00::202:2:2:2,18,0,0,8,1316214,124,129,60,12,64,100,-27,129,253,60,66,0,67,1316280
fd00::202:2:2:2,18,0,0,8,1326747,125,130,60,12,74,100,-27,130,255,60,33,0,72,1326780
fd00::202:2:2:2,18,0,0,8,1337276,126,131,60,12,294,100,-27,131,257,60,74,0,182,1337350
fd00::202:2:2:2,18,0,0,8,1347807,127,132,60,12,24,100,-27,132,259,60,43,0,47,1347850
fd00::202:2:2:2,18,0,0,8,1358340,128,133,60,12,34,100,-27,133,261,60,10,0,52,1358350
fd00::202:2:2:2,18,0,0,8,1368871,129,134,60,12,44,100,-27,134,263,60,49,0,57,1368920
fd00::202:2:2:2,18,0,0,8,1379402,130,135,60,12,54,100,-27,135,265,60,18,0,62,1379420
fd00::202:2:2:2,18,0,0,8,1389931,131,136,60,12,64,100,-27,137,267,60,60,0,67,1389991
fd00::202:2:2:2,18,0,0,8,1400462,132,138,60,12,14,100,-27,138,270,60,28,0,42,1400490
fd00::202:2:2:2,18,0,0,8,1410993,133,139,60,12,24,100,-27,139,272,60,67,0,47,1411060
fd00::202:2:2:2,18,0,0,8,1421524,134,140,60,12,34,100,-27,140,274,60,36,0,52,1421560
fd00::202:2:2:2,18,0,0,8,1432055,135,141,60,12,44,100,-27,141,276,60,75,0,57,1432130
fd00::202:2:2:2,18,0,0,8,1442586,136,142,60,12,54,100,-27,142,278,60,44,0,62,1442630
fd00::202:2:2:2,18,0,0,8,1453119,137,143,60,12,64,100,-27,143,280,60,11,0,67,1453130
fd00::202:2:2:2,18,0,0,8,1463648,138,144,60,12,74,100,-27,144,282,60,52,0,72,1463700
fd00::202:2:2:2,18,0,0,8,1474179,139,145,60,12,14,100,-27,145,284,60,21,0,42,1474200
fd00::202:2:2:2,18,0,0,8,1484710,140,146,60,12,24,100,-27,146,286,60,60,0,47,1484770
fd00::202:2:2:2,18,0,0,8,1495243,141,147,60,12,34,100,-27,147,288,60,27,0,52,1495270
fd00::202:2:2:2,18,0,0,8,1505774,142,148,60,12,44,100,-27,148,290,60,66,0,57,1505840
fd00::202:2:2:2,18,0,0,8,1516303,143,149,60,12,54,100,-27,149,292,60,37,0,62,1516340
fd00::202:2:2:2,18,0,0,8,1526834,144,150,60,12,64,100,-27,150,294,60,6,0,67,1526840
fd00::202:2:2:2,18,0,0,8,1537365,145,151,60,12,73,100,-27,151,296,60,45,0,71,1537410
fd00::202:2:2:2,18,0,0,8,1547898,146,152,60,12,14,100,-27,152,298,60,12,0,42,1547910
fd00::202:2:2:2,18,0,0,8,1558429,147,153,60,12,24,100,-27,153,300,60,51,0,47,1558480
fd00::202:2:2:2,18,0,0,8,1568958,148,154,60,12,34,100,-27,154,302,60,22,0,52,1568980
fd00::202:2:2:2,18,0,0,8,1579489,149,155,60,12,43,100,-27,155,304,60,61,0,56,1579550
fd00::202:2:2:2,18,0,0,8,1590022,150,156,60,12,54,100,-27,157,306,60,658,0,62,1590680
fd00::202:2:2:2,18,0,0,8,1600551,151,158,60,12,74,100,-27,158,309,60,69,0,72,1600620
fd00::202:2:2:2,18,0,0,8,1611084,152,159,60,12,14,100,-27,159,311,60,36,0,42,1611120
fd00::202:2:2:2,18,0,0,8,1621613,153,160,60,12,24,100,-27,160,313,60,7,0,47,1621620
fd00::202:2:2:2,18,0,0,8,1632144,154,161,60,12,34,100,-27,161,315,60,46,0,52,1632190
fd00::202:2:2:2,18,0,0,8,1642675,155,162,60,12,44,100,-27,162,317,60,15,0,57,1642690
fd00::202:2:2:2,18,0,0,8,1653208,156,163,60,12,54,100,-27,163,319,60,52,0,62,1653260
fd00::202:2:2:2,18,0,0,8,1663737,157,164,60,12,64,100,-27,164,321,60,23,0,67,1663760
fd00::202:2:2:2,18,0,0,8,1674268,158,165,60,12,74,100,-27,165,323,60,62,0,72,1674330
fd00::202:2:2:2,18,0,0,8,1684801,159,166,60,12,14,100,-27,166,325,60,29,0,42,1684830
fd00::202:2:2:2,18,0,0,8,1695332,160,167,60,12,24,100,-27,167,327,60,68,0,47,1695400
fd00::202:2:2:2,18,0,0,8,1705861,161,168,60,12,34,100,-27,168,329,60,39,0,52,1705900
fd00::202:2:2:2,18,0,0,8,1716392,162,169,60,12,44,100,-27,169,331,60,8,0,57,1716400
fd00::202:2:2:2,18,0,0,8,1726925,163,170,60,12,54,100,-27,170,333,60,45,0,62,1726970
fd00::202:2:2:2,18,0,0,8,1737456,164,171,60,12,64,100,-27,171,335,60,14,0,67,1737470
fd00::202:2:2:2,18,0,0,8,1747985,165,172,60,12,74,100,-27,172,337,60,55,0,72,1748040
fd00::202:2:2:2,18,0,0,8,1758516,166,173,60,12,14,100,-27,173,339,60,24,0,42,1758540
fd00::202:2:2:2,18,0,0,8,1769049,167,174,60,12,24,100,-27,174,341,60,61,0,47,1769110
fd00::202:2:2:2,18,0,0,8,1779578,168,175,60,12,34,100,-27,175,343,60,32,0,52,1779610
fd00::202:2:2:2,18,0,0,8,1790109,169,177,60,12,54,100,-27,177,346,60,71,0,62,1790180
fd00::202:2:2:2,18,0,0,8,1800640,170,178,60,12,64,100,-27,178,348,60,40,0,67,1800680
fd00::202:2:2:2,18,0,0,8,1811171,171,179,60,12,74,100,-27,179,350,60,9,0,72,1811180
fd00::202:2:2:2,18,0,0,8,1821704,172,180,60,12,14,100,-27,180,352,60,46,0,42,1821750
fd00::202:2:2:2,18,0,0,8,1832233,173,181,60,12,24,100,-27,181,354,60,87,0,47,1832320
fd00::202:2:2:2,18,0,0,8,1842764,174,182,60,12,34,100,-27,182,356,60,56,0,52,1842820
fd00::202:2:2:2,18,0,0,8,1853295,175,183,60,12,44,100,-27,183,358,60,25,0,57,1853320
fd00::202:2:2:2,18,0,0,8,1863826,176,184,60,12,54,100,-27,184,360,60,64,0,62,1863890
fd00::202:2:2:2,18,0,0,8,1874357,177,185,60,12,64,100,-27,185,362,60,33,0,67,1874390
fd00::202:2:2:2,18,0,0,8,1884889,178,186,60,12,74,100,-27,186,364,60,71,0,72,1884960
fd00::202:2:2:2,18,0,0,8,1895421,179,187,60,12,14,100,-27,187,366,60,39,0,42,1895460
fd00::202:2:2:2,18,0,0,8,1905952,180,188,60,12,24,100,-27,188,368,60,8,0,47,1905960
fd00::202:2:2:2,18,0,0,8,1916481,181,189,60,12,34,100,-27,189,370,60,49,0,52,1916530
fd00::202:2:2:2,18,0,0,8,1927014,182,190,60,12,44,100,-27,190,372,60,16,0,57,1927030
fd00::202:2:2:2,18,0,0,8,1937545,183,191,60,12,54,100,-27,191,374,60,55,0,62,1937600
fd00::202:2:2:2,18,0,0,8,1948074,184,192,60,12,64,100,-27,192,376,60,26,0,67,1948100
fd00::202:2:2:2,18,0,0,8,1958605,185,193,60,12,74,100,-27,193,378,60,65,0,72,1958670
fd00::202:2:2:2,18,0,0,8,1969138,186,194,60,12,14,100,-27,194,380,60,32,0,42,1969170
fd00::202:2:2:2,18,0,0,8,1979671,187,195,60,12,24,100,-27,195,382,60,69,0,47,1979740
fd00::202:2:2:2,18,0,0,8,1990198,188,197,60,12,44,100,-27,197,385,60,42,0,57,1990240
fd00::202:2:2:2,18,0,0,8,2000729,189,198,60,12,54,100,-27,198,387,60,11,0,62,2000740
fd00::202:2:2:2,18,0,0,8,2011260,190,199,60,12,64,100,-27,199,389,60,50,0,67,2011310
fd00::202:2:2:2,18,0,0,8,2021791,191,200,60,12,74,100,-27,200,391,60,19,0,72,2021810
fd00::202:2:2:2,18,0,0,8,2032324,192,201,60,12,14,100,-27,201,393,60,56,0,42,2032380
fd00::202:2:2:2,18,0,0,8,2042853,193,202,60,12,24,100,-27,202,395,60,27,0,47,2042880
fd00::202:2:2:2,18,0,0,8,2053384,194,203,60,12,34,100,-27,203,397,60,66,0,52,2053450
fd00::202:2:2:2,18,0,0,8,2063917,195,204,60,12,44,100,-27,204,399,60,33,0,57,2063950
fd00::202:2:2:2,18,0,0,8,2074448,196,205,60,12,54,100,-27,205,401,60,72,0,62,2074520
fd00::202:2:2:2,18,0,0,8,2084977,197,206,60,12,64,100,-27,206,403,60,43,0,67,2085020
fd00::202:2:2:2,18,0,0,8,2095508,198,207,60,12,74,100,-27,207,405,60,12,0,72,2095520
fd00::202:2:2:2,18,0,0,8,2106041,199,208,60,12,14,100,-27,208,407,60,49,0,42,2106090
fd00::202:2:2:2,18,0,0,8,2116572,200,209,60,12,24,100,-27,209,409,60,18,0,47,2116590
fd00::202:2:2:2,18,0,0,8,2127101,201,210,60,12,34,100,-27,210,411,60,59,0,52,2127160
fd00::202:2:2:2,18,0,0,8,2137634,202,211,60,12,44,100,-27,211,413,60,26,0,57,2137660
fd00::202:2:2:2,18,0,0,8,2148165,203,212,60,12,194,100,-27,212,415,60,65,0,132,2148230
fd00::202:2:2:2,18,0,0,8,2158696,204,213,60,12,64,100,-27,213,417,60,34,0,67,2158730
fd00::202:2:2:2,18,0,0,8,2169225,205,214,60,12,74,100,-27,214,419,60,75,0,72,2169300
fd00::202:2:2:2,18,0,0,8,2179758,206,215,60,12,14,100,-27,215,421,60,42,0,42,2179800
fd00::202:2:2:2,18,0,0,8,2190287,207,217,60,12,34,100,-27,217,424,60,13,0,52,2190300
fd00::202:2:2:2,18,0,0,8,2200818,208,218,60,12,44,100,-27,218,426,60,52,0,57,2200870
fd00::202:2:2:2,18,0,0,8,2211351,209,219,60,12,54,100,-27,219,428,60,19,0,62,2211370
fd00::202:2:2:2,18,0,0,8,2221880,210,220,60,12,64,100,-27,220,430,60,60,0,67,2221940
fd00::202:2:2:2,18,0,0,8,2232411,211,221,60,12,74,100,-27,221,432,60,29,0,72,2232440
fd00::202:2:2:2,18,0,0,8,2242942,212,222,60,12,14,100,-27,222,434,60,68,0,42,2243010
fd00::202:2:2:2,18,0,0,8,2253473,213,223,60,12,24,100,-27,223,436,60,37,0,47,2253510
fd00::202:2:2:2,18,0,0,8,2264004,214,224,60,12,34,100,-27,224,438,60,6,0,52,2264010
fd00::202:2:2:2,18,0,0,8,2274535,215,225,60,12,44,100,-27,225,440,60,45,0,57,2274580
fd00::202:2:2:2,18,0,0,8,2285068,216,226,60,12,54,100,-27,226,442,60,12,0,62,2285080
fd00::202:2:2:2,18,0,0,8,2295599,217,227,60,12,64,100,-27,227,444,60,51,0,67,2295650
fd00::202:2:2:2,18,0,0,8,2306128,218,228,60,12,74,100,-27,228,446,60,22,0,72,2306150
fd00::202:2:2:2,18,0,0,8,2316661,219,229,60,12,14,100,-27,229,448,60,59,0,42,2316720
fd00::202:2:2:2,18,0,0,8,2327192,220,230,60,12,24,100,-27,230,450,60,28,0,47,2327220
fd00::202:2:2:2,18,0,0,8,2337723,221,231,60,12,34,100,-27,231,452,60,67,0,52,2337790
fd00::202:2:2:2,18,0,0,8,2348252,222,232,60,12,44,100,-27,232,454,60,38,0,57,2348290
fd00::202:2:2:2,18,0,0,8,2358783,223,233,60,12,54,100,-27,233,456,60,7,0,62,2358790
fd00::202:2:2:2,18,0,0,8,2369316,224,234,60,12,64,100,-27,234,458,60,44,0,67,2369360
fd00::202:2:2:2,18,0,0,8,2379847,225,235,60,12,74,100,-27,235,460,60,13,0,72,2379860
fd00::202:2:2:2,18,0,0,8,2390376,226,237,60,12,24,100,-27,237,463,60,54,0,47,2390430
fd00::202:2:2:2,18,0,0,8,2400907,227,238,60,12,34,100,-27,238,465,60,23,0,52,2400930
fd00::202:2:2:2,18,0,0,8,2411438,228,239,60,12,44,100,-27,239,467,60,62,0,57,2411500
fd00::202:2:2:2,18,0,0,8,2421969,229,240,60,12,54,100,-27,240,469,60,31,0,62,2422000
fd00::202:2:2:2,18,0,0,8,2432500,230,241,60,12,64,100,-27,241,471,60,70,0,67,2432570
fd00::202:2:2:2,18,0,0,8,2443033,231,242,60,12,74,100,-27,242,473,60,37,0,72,2443070
fd00::202:2:2:2,18,0,0,8,2453562,232,243,60,12,14,100,-27,243,475,60,8,0,42,2453570
fd00::202:2:2:2,18,0,0,8,2464093,233,244,60,12,24,100,-27,244,477,60,47,0,47,2464140
fd00::202:2:2:2,18,0,0,8,2474626,234,245,60,12,34,100,-27,245,479,60,14,0,52,2474640
fd00::202:2:2:2,18,0,0,8,2485157,235,246,60,12,44,100,-27,246,481,60,53,0,57,2485210
fd00::202:2:2:2,18,0,0,8,2495686,236,247,60,12,54,100,-27,247,483,60,24,0,62,2495710
fd00::202:2:2:2,18,0,0,8,2506217,237,248,60,12,64,100,-27,248,485,60,63,0,67,2506280
fd00::202:2:2:2,18,0,0,8,2516750,238,249,60,12,74,100,-27,249,487,60,30,0,72,2516780
fd00::202:2:2:2,18,0,0,8,2527281,239,250,60,12,14,100,-27,250,489,60,69,0,42,2527350
fd00::202:2:2:2,18,0,0,8,2537810,240,251,60,12,24,100,-27,251,491,60,40,0,47,2537850
fd00::202:2:2:2,18,0,0,8,2548341,241,252,60,12,34,100,-27,252,493,60,9,0,52,2548350
fd00::202:2:2:2,18,0,0,8,2558874,242,253,60,12,44,100,-27,253,495,60,46,0,57,2558920
fd00::202:2:2:2,18,0,0,8,2569405,243,254,60,12,54,100,-27,254,497,60,15,0,62,2569420
fd00::202:2:2:2,18,0,0,8,2579934,244,255,60,12,64,100,-27,256,499,60,57,0,67,2579991
fd00::202:2:2:2,18,0,0,8,2590465,245,257,60,12,14,100,-27,257,502,60,25,0,42,2590490
fd00::202:2:2:2,18,0,0,8,2600996,246,258,60,12,24,100,-27,258,504,60,64,0,47,2601060
fd00::202:2:2:2,18,0,0,8,2611527,247,259,60,12,34,100,-27,259,506,60,33,0,52,2611560
fd00::202:2:2:2,18,0,0,8,2622059,248,260,60,12,44,100,-27,260,508,60,71,0,57,2622130
fd00::202:2:2:2,18,0,0,8,2632589,249,261,60,12,54,100,-27,261,510,60,41,0,62,2632630
fd00::202:2:2:2,18,0,0,8,2643120,250,262,60,12,64,100,-27,262,512,60,10,0,67,2643130
fd00::202:2:2:2,18,0,0,8,2653653,251,263,60,12,74,100,-27,263,514,60,47,0,72,2653700
fd00::202:2:2:2,18,0,0,8,2664182,252,264,60,12,14,100,-27,264,516,60,18,0,42,2664200
fd00::202:2:2:2,18,0,0,8,2674713,253,265,60,12,24,100,-27,265,518,60,57,0,47,2674770
fd00::202:2:2:2,18,0,0,8,2685244,254,266,60,12,34,100,-27,266,520,60,26,0,52,2685270
fd00::202:2:2:2,18,0,0,8,2695777,255,267,60,12,44,100,-27,267,522,60,63,0,57,2695840
fd00::202:2:2:2,18,0,0,8,2706306,256,268,60,12,53,100,-27,268,524,60,34,0,61,2706340
fd00::202:2:2:2,18,0,0,8,2716839,257,269,60,12,64,100,-27,269,526,60,71,0,67,2716910
fd00::202:2:2:2,18,0,0,8,2727370,258,270,60,12,74,100,-27,270,528,60,40,0,72,2727410
fd00::202:2:2:2,18,0,0,8,2737901,259,271,60,12,14,100,-27,271,530,60,9,0,42,2737910
fd00::202:2:2:2,18,0,0,8,2748430,260,272,60,12,24,100,-27,272,532,60,50,0,47,2748480
fd00::202:2:2:2,18,0,0,8,2758961,261,273,60,12,34,100,-27,273,534,60,19,0,52,2758980
fd00::202:2:2:2,18,0,0,8,2769494,262,274,60,12,44,100,-27,274,536,60,56,0,57,2769550
fd00::202:2:2:2,18,0,0,8,2780025,263,275,60,12,54,100,-27,276,538,60,95,0,62,2780120
fd00::202:2:2:2,18,0,0,8,2790554,264,277,60,12,74,100,-27,277,541,60,66,0,72,2790620
fd00::202:2:2:2,18,0,0,8,2801085,265,278,60,12,14,100,-27,278,543,60,35,0,42,2801120
fd00::202:2:2:2,18,0,0,8,2811616,266,279,60,12,24,100,-27,279,545,60,74,0,47,2811690
fd00::202:2:2:2,18,0,0,8,2822147,267,280,60,12,34,100,-27,280,547,60,43,0,52,2822190
fd00::202:2:2:2,18,0,0,8,2832678,268,281,60,12,44,100,-27,281,549,60,12,0,57,2832690
fd00::202:2:2:2,18,0,0,8,2843211,269,282,60,12,54,100,-27,282,551,60,49,0,62,2843260
fd00::202:2:2:2,18,0,0,8,2853740,270,283,60,12,64,100,-27,283,553,60,20,0,67,2853760
fd00::202:2:2:2,18,0,0,8,2864271,271,284,60,12,74,100,-27,284,555,60,59,0,72,2864330
fd00::202:2:2:2,18,0,0,8,2874802,272,285,60,12,14,100,-27,285,557,60,28,0,77,2874830
fd00::202:2:2:2,18,0,0,8,2885335,273,286,60,12,24,100,-27,286,559,60,65,0,47,2885400
fd00::202:2:2:2,18,0,0,8,2895866,274,287,60,12,34,100,-27,287,561,60,34,0,52,2895900
fd00::202:2:2:2,18,0,0,8,2906395,275,288,60,12,44,100,-27,288,563,60,75,0,57,2906470
fd00::202:2:2:2,18,0,0,8,2916926,276,289,60,12,54,100,-27,289,565,60,44,0,62,2916970
fd00::202:2:2:2,18,0,0,8,2927459,277,290,60,12,64,100,-27,290,567,60,11,0,67,2927470
fd00::202:2:2:2,18,0,0,8,2937990,278,291,60,12,74,100,-27,291,569,60,50,0,72,2938040
fd00::202:2:2:2,18,0,0,8,2948519,279,292,60,12,14,100,-27,292,571,60,21,0,42,2948540
fd00::202:2:2:2,18,0,0,8,2959052,280,293,60,12,24,100,-27,293,573,60,58,0,47,2959110
fd00::202:2:2:2,18,0,0,8,2969583,281,294,60,12,34,100,-27,294,575,60,27,0,52,2969610
fd00::202:2:2:2,18,0,0,8,2980112,282,296,60,12,54,100,-27,296,578,60,68,0,62,2980180
fd00::202:2:2:2,18,0,0,8,2990643,283,297,60,12,64,100,-27,297,580,60,37,0,67,2990680
fd00::202:2:2:2,18,0,0,8,3001174,284,298,60,12,74,100,-27,298,582,60,6,0,72,3001180
fd00::202:2:2:2,18,0,0,8,3011705,285,299,60,12,14,100,-27,299,584,60,45,0,42,3011750
fd00::202:2:2:2,18,0,0,8,3022236,286,300,60,12,24,100,-27,300,586,60,14,0,47,3022250
fd00::202:2:2:2,18,0,0,8,3032769,287,301,60,12,34,100,-27,301,588,60,51,0,52,3032820
fd00::202:2:2:2,18,0,0,8,3043298,288,302,60,12,44,100,-27,302,590,60,22,0,57,3043320
fd00::202:2:2:2,18,0,0,8,3053829,289,303,60,12,54,100,-27,303,592,60,61,0,62,3053890
fd00::202:2:2:2,18,0,0,8,3064362,290,304,60,12,64,100,-27,304,594,60,28,0,67,3064390
fd00::202:2:2:2,18,0,0,8,3074893,291,305,60,12,74,100,-27,305,596,60,67,0,72,3074960
fd00::202:2:2:2,18,0,0,8,3085422,292,306,60,12,14,100,-27,306,598,60,38,0,42,3085460
fd00::202:2:2:2,18,0,0,8,3095953,293,307,60,12,24,100,-27,307,600,60,7,0,47,3095960
fd00::202:2:2:2,18,0,0,8,3106486,294,308,60,12,34,100,-27,308,602,60,44,0,52,3106530
fd00::202:2:2:2,18,0,0,8,3117017,295,309,60,12,44,100,-27,309,604,60,13,0,57,3117030
fd00::202:2:2:2,18,0,0,8,3127546,296,310,60,12,54,100,-27,310,606,60,54,0,62,3127600
fd00::202:2:2:2,18,0,0,8,3138079,297,311,60,12,64,100,-27,311,608,60,21,0,67,3138100
fd00::202:2:2:2,18,0,0,8,3148610,298,312,60,12,74,100,-27,312,610,60,60,0,72,3148670
fd00::202:2:2:2,18,0,0,8,3159141,299,313,60,12,14,100,-27,313,612,60,29,0,42,3159170
fd00::202:2:2:2,18,0,0,8,3169670,300,314,60,12,24,100,-27,314,614,60,70,0,47,3169740
fd00::202:2:2:2,18,0,0,8,3180201,301,316,60,12,44,100,-27,316,617,60,39,0,57,3180240
fd00::202:2:2:2,18,0,0,8,3190732,302,317,60,12,54,100,-27,317,619,60,8,0,62,3190740
fd00::202:2:2:2,18,0,0,8,3201265,303,318,60,12,64,100,-27,318,621,60,45,0,67,3201310
fd00::202:2:2:2,18,0,0,8,3211794,304,319,60,12,74,100,-27,319,623,60,16,0,72,3211810
fd00::202:2:2:2,18,0,0,8,3222325,305,320,60,12,14,100,-27,320,625,60,55,0,77,3222380
fd00::202:2:2:2,18,0,0,8,3232856,306,321,60,12,24,100,-27,321,627,60,24,0,47,3232880
fd00::202:2:2:2,18,0,0,8,3243389,307,322,60,12,34,100,-27,322,629,60,61,0,52,3243450
fd00::202:2:2:2,18,0,0,8,3253920,308,323,60,12,44,100,-27,323,631,60,30,0,57,3253950
fd00::202:2:2:2,18,0,0,8,3264449,309,324,60,12,54,100,-27,324,633,60,71,0,62,3264520
fd00::202:2:2:2,18,0,0,8,3274980,310,325,60,12,64,100,-27,325,635,60,40,0,67,3275020
fd00::202:2:2:2,18,0,0,8,3285513,311,326,60,12,74,100,-27,326,637,60,7,0,72,3285520
fd00::202:2:2:2,18,0,0,8,3296044,312,327,60,12,14,100,-27,327,639,60,46,0,42,3296090
fd00::202:2:2:2,18,0,0,8,3306573,313,328,60,12,24,100,-27,328,641,60,17,0,47,3306590
fd00::202:2:2:2,18,0,0,8,3317104,314,329,60,12,34,100,-27,329,643,60,56,0,52,3317160
fd00::202:2:2:2,18,0,0,8,3327637,315,330,60,12,44,100,-27,330,645,60,23,0,57,3327660
fd00::202:2:2:2,18,0,0,8,3338168,316,331,60,12,54,100,-27,331,647,60,62,0,62,3338230
fd00::202:2:2:2,18,0,0,8,3348697,317,332,60,12,64,100,-27,332,649,60,33,0,67,3348730
fd00::202:2:2:2,18,0,0,8,3359228,318,333,60,12,74,100,-27,333,651,60,72,0,72,3359300
fd00::202:2:2:2,18,0,0,8,3369761,319,334,60,12,14,100,-27,334,653,60,39,0,42,3369800
fd00::202:2:2:2,18,0,0,8,3380290,320,336,60,12,34,100,-27,336,656,60,10,0,52,3380300
fd00::202:2:2:2,18,0,0,8,3390821,321,337,60,12,44,100,-27,337,658,60,49,0,57,3390870
fd00::202:2:2:2,18,0,0,8,3401352,322,338,60,12,54,100,-27,338,660,60,18,0,62,3401370
fd00::202:2:2:2,18,0,0,8,3411883,323,339,60,12,64,100,-27,339,662,60,57,0,67,3411940
fd00::202:2:2:2,18,0,0,8,3422414,324,340,60,12,74,100,-27,340,664,60,26,0,72,3422440
fd00::202:2:2:2,18,0,0,8,3432947,325,341,60,12,14,100,-27,341,666,60,63,0,42,3433010
fd00::202:2:2:2,18,0,0,8,3443476,326,342,60,12,24,100,-27,342,668,60,34,0,47,3443510
fd00::202:2:2:2,18,0,0,8,3454009,327,343,60,12,34,100,-27,343,670,60,71,0,52,3454080
fd00::202:2:2:2,18,0,0,8,3464538,328,344,60,12,44,100,-27,344,672,60,42,0,92,3464580
fd00::202:2:2:2,18,0,0,8,3475071,329,345,60,12,54,100,-27,345,674,60,9,0,62,3475080
fd00::202:2:2:2,18,0,0,8,3485600,330,346,60,12,64,100,-27,346,676,60,50,0,67,3485650
fd00::202:2:2:2,18,0,0,8,3496131,331,347,60,12,74,100,-27,347,678,60,19,0,72,3496150
fd00::202:2:2:2,18,0,0,8,3506664,332,348,60,12,14,100,-27,348,680,60,56,0,42,3506720
fd00::202:2:2:2,18,0,0,8,3517195,333,349,60,12,24,100,-27,349,682,60,25,0,47,3517220
fd00::202:2:2:2,18,0,0,8,3527724,334,350,60,12,34,100,-27,350,684,60,66,0,52,3527790
fd00::202:2:2:2,18,0,0,8,3538255,335,351,60,12,44,100,-27,351,686,60,35,0,57,3538290
fd00::202:2:2:2,18,0,0,8,3548788,336,352,60,12,54,100,-27,352,688,60,72,0,62,3548860
fd00::202:2:2:2,18,0,0,8,3559319,337,353,60,12,64,100,-27,353,690,60,41,0,67,3559360
fd00::202:2:2:2,18,0,0,8,3569848,338,354,60,12,74,100,-27,354,692,60,12,0,72,3569860
fd00::202:2:2:2,18,0,0,8,3580379,339,356,60,12,24,100,-27,356,695,60,51,0,47,3580430
fd00::202:2:2:2,18,0,0,8,3590910,340,357,60,12,34,100,-27,357,697,60,20,0,52,3590930
