node,cpu_energy_mj,lpm_energy_mj,radio_tx_energy_mj,radio_rx_energy_mj,total_energy_mj,node_time,total_sent,total_received,bytes_tx,bytes_rx,r2n_latency,lqi,rssi,server_sent,server_received,server_bytes_rx,n2r_latency,hops,rtt_latency,root_time_now
fd00::202:2:2:2,37,0,0,23,60,20903,1,0,60,0,0,0,0,0,1,60,27,0,0,20930
fd00::202:2:2:2,18,0,0,8,26,31430,2,1,60,12,114,100,-83,1,3,60,70,0,162,31500
fd00::202:2:2:2,18,0,0,8,26,41963,3,2,60,12,194,100,-83,2,5,60,1087,0,1357,43050
fd00::202:2:2:2,18,0,0,8,26,52494,4,3,60,12,274,100,-83,3,7,60,706,0,417,53200
fd00::202:2:2:2,18,0,0,8,26,63025,5,4,60,12,213,100,-83,4,9,60,45,0,876,63070
fd00::202:2:2:2,18,0,0,8,26,73556,6,5,60,12,154,100,-83,5,11,60,1064,0,1197,74620
fd00::202:2:2:2,18,0,0,8,26,84085,7,6,60,12,234,100,-83,6,13,60,475,0,502,84560
fd00::202:2:2:2,18,0,0,8,26,94618,8,7,60,12,174,100,-83,7,14,60,582,0,502,95200
fd00::202:2:2:2,18,0,0,8,26,105149,9,8,60,12,186,100,-83,8,16,60,131,0,2368,105280
fd00::202:2:2:2,18,0,0,8,26,115680,10,9,60,12,334,100,-83,9,18,60,240,0,2092,115920
fd00::202:2:2:2,18,0,0,8,26,126211,11,10,60,12,274,100,-83,10,20,60,559,0,3287,126770
fd00::202:2:2:2,18,0,1,7,26,136742,12,11,60,12,214,100,-83,11,22,60,38,0,1192,136780
fd00::202:2:2:2,18,0,1,7,26,147271,13,12,60,12,84,100,-83,12,24,60,9,0,1722,147280
fd00::202:2:2:2,18,0,0,8,26,157804,14,13,60,12,164,100,-83,13,26,60,256,0,852,158060
fd00::202:2:2:2,18,0,1,8,27,168333,15,14,60,12,244,100,-83,14,28,60,17,0,997,168350
fd00::202:2:2:2,18,0,0,8,26,178864,16,15,60,12,187,100,-83,15,30,60,126,0,1878,178990
fd00::202:2:2:2,18,0,1,7,26,189395,17,16,60,12,194,100,-83,16,32,60,25,0,3282,189420
fd00::202:2:2:2,18,0,1,8,27,199930,18,17,60,12,414,100,-83,18,34,60,74,0,1012,200004
fd00::202:2:2:2,18,0,1,8,27,210459,19,19,60,12,224,100,-83,19,37,60,3111,0,1757,213570
fd00::202:2:2:2,18,0,1,7,26,220989,20,19,60,12,224,100,-83,20,38,60,5181,0,1757,226170
fd00::202:2:2:2,18,0,1,7,26,231519,21,20,60,12,1004,100,-83,21,40,60,601,0,3407,232120
fd00::202:2:2:2,18,0,1,8,27,242052,22,22,60,12,185,100,-83,22,43,60,1198,0,1597,243250
fd00::202:2:2:2,18,0,1,7,26,252582,23,23,60,12,264,100,-83,23,45,60,4248,0,3212,256830
fd00::202:2:2:2,18,0,2,7,27,263112,24,24,60,12,764,100,-83,25,47,60,13388,0,8222,276500
fd00::202:2:2:2,18,0,1,8,27,273645,25,24,60,12,764,100,-83,25,48,60,4115,0,8222,277760
fd00::202:2:2:2,18,0,2,6,26,284174,26,25,60,12,8407,100,-83,26,50,60,26,0,6933,284200
fd00::202:2:2:2,18,0,1,7,26,294707,27,26,60,12,11216,100,-83,27,52,60,133,0,7358,294840
fd00::202:2:2:2,18,0,1,8,27,305237,28,26,60,12,11216,100,-83,28,53,60,243,0,7358,305480
fd00::202:2:2:2,18,0,2,7,27,315767,29,27,60,12,21233,100,-83,29,55,60,353,0,12086,316120
fd00::202:2:2:2,18,0,1,7,26,326299,30,28,60,12,18304,100,-83,30,56,60,251,0,12086,326550
fd00::202:2:2:2,18,0,1,8,27,336833,31,29,60,12,23564,100,-83,31,58,60,7,0,11852,336840
fd00::202:2:2:2,18,0,1,8,27,347362,32,30,60,12,27074,100,-83,32,60,60,2498,0,14762,349860
fd00::202:2:2:2,18,0,1,7,26,357895,33,31,60,12,26106,100,-83,33,62,60,15,0,13158,357910
fd00::202:2:2:2,18,0,1,8,27,368423,34,32,60,12,25624,100,-83,34,64,60,57,0,14107,368480
fd00::202:2:2:2,18,0,1,7,26,378955,35,34,60,12,18644,100,-83,36,67,60,5205,0,9497,384160
fd00::202:2:2:2,18,0,1,7,26,389486,36,36,60,12,9494,100,-83,37,70,60,3214,0,4887,392700
fd00::202:2:2:2,18,0,1,7,26,400016,37,37,60,12,6074,100,-83,38,72,60,2344,0,3107,402360
fd00::202:2:2:2,18,0,1,7,26,410546,38,38,60,12,135,100,-83,39,74,60,5254,0,1327,415800
fd00::202:2:2:2,18,0,1,7,26,421079,39,40,60,12,84,100,-83,40,77,60,1791,0,1407,422870
fd00::202:2:2:2,18,0,1,8,27,431610,40,41,60,12,94,100,-83,41,79,60,3930,0,1937,435540
fd00::202:2:2:2,18,0,1,7,26,442141,41,42,60,12,944,100,-83,42,80,60,6699,0,1937,448840
fd00::202:2:2:2,18,0,1,7,26,452671,42,43,60,12,44,100,-83,43,82,60,579,0,1387,453250
fd00::202:2:2:2,18,0,0,8,26,463202,43,44,60,12,54,100,-83,44,84,60,128,0,1007,463330
fd00::202:2:2:2,18,0,0,8,26,473733,44,45,60,12,274,100,-83,47,85,60,23267,6,1007,497000
fd00::202:2:2:2,454,0,12,1232,1698,726480,45,69,60,12,34,100,-83,70,88,60,50,0,2747,726530
fd00::202:2:2:2,18,0,2,6,26,737008,46,70,60,12,184,100,-83,71,90,60,22,0,2437,737030
fd00::202:2:2:2,18,0,1,7,26,747540,47,71,60,12,2294,100,-83,72,92,60,2370,0,1427,749910
fd00::202:2:2:2,18,0,0,8,26,758071,48,72,60,12,764,100,-83,73,94,60,29,0,907,758100
fd00::202:2:2:2,18,0,1,8,27,768602,49,73,60,12,74,100,-83,74,96,60,68,0,807,768670
fd00::202:2:2:2,18,0,0,8,26,779131,50,74,60,12,14,100,-83,75,98,60,39,0,2597,779170
fd00::202:2:2:2,18,0,1,7,26,789664,51,75,60,12,24,100,-83,77,100,60,1896,0,3232,791560
fd00::202:2:2:2,18,0,1,7,26,800195,52,77,60,12,45,100,-83,78,102,60,9565,0,1452,809760
fd00::202:2:2:2,2331,0,284,915,3530,2095508,53,203,60,12,213,100,-83,207,104,60,222,0,1707,2095730
fd00::202:2:2:2,18,0,0,8,26,2106039,54,204,60,12,154,100,-83,208,106,60,51,0,1932,2106090
fd00::202:2:2:2,18,0,0,8,26,2116570,55,205,60,12,164,100,-83,209,108,60,20,0,2917,2116590
fd00::202:2:2:2,18,0,0,8,26,2127101,56,206,60,12,174,100,-83,210,110,60,59,0,647,2127160
fd00::202:2:2:2,18,0,0,8,26,2137632,57,207,60,12,184,100,-83,211,112,60,98,0,1387,2137730
fd00::202:2:2:2,18,0,0,8,26,2148163,58,208,60,12,194,100,-83,212,114,60,67,0,3037,2148230
fd00::202:2:2:2,18,0,0,8,26,2158696,59,209,60,12,204,100,-83,213,116,60,34,0,1607,2158730
fd00::202:2:2:2,18,0,0,7,25,2169225,60,210,60,12,144,100,-83,214,118,60,75,0,1577,2169300
fd00::202:2:2:2,18,0,0,8,26,2179756,61,211,60,12,14,100,-83,215,120,60,44,0,952,2179800
fd00::202:2:2:2,18,0,0,8,26,2190287,62,213,60,12,35,100,-83,217,123,60,3653,0,1662,2193940
fd00::202:2:2:2,18,0,0,8,26,2200818,63,214,60,12,43,100,-83,218,125,60,1942,0,1351,2202760
fd00::202:2:2:2,18,0,0,8,26,2211349,64,215,60,12,55,100,-83,219,127,60,441,0,797,2211790
fd00::202:2:2:2,18,0,0,8,26,2221879,65,216,60,12,64,100,-83,220,129,60,2791,0,2272,2224670
fd00::202:2:2:2,18,0,0,8,26,2232411,66,217,60,12,74,100,-83,221,131,60,29,0,702,2232440
fd00::202:2:2:2,18,0,0,8,26,2242942,67,218,60,12,14,100,-83,222,133,60,1188,0,2037,2244130
fd00::202:2:2:2,18,0,0,8,26,2253475,68,219,60,12,164,100,-83,223,135,60,4165,0,3792,2257640
fd00::202:2:2:2,18,0,0,8,26,2264004,69,220,60,12,174,100,-83,224,137,60,6,0,1137,2264010
fd00::202:2:2:2,18,0,0,8,26,2274535,70,221,60,12,326,100,-83,225,139,60,45,0,1878,2274580
fd00::202:2:2:2,18,0,0,8,26,2285066,71,222,60,12,194,100,-83,226,141,60,14,0,1462,2285080
fd00::202:2:2:2,18,0,0,8,26,2295597,72,223,60,12,204,100,-83,227,143,60,193,0,2342,2295790
fd00::202:2:2:2,18,0,0,8,26,2306128,73,224,60,12,285,100,-83,228,145,60,22,0,1227,2306150
fd00::202:2:2:2,18,0,0,8,26,2316659,74,225,60,12,154,100,-83,229,147,60,61,0,497,2316720
fd00::202:2:2:2,18,0,0,8,26,2327192,75,226,60,12,164,100,-83,230,149,60,28,0,1727,2327220
fd00::202:2:2:2,18,0,0,8,26,2337723,76,227,60,12,174,100,-83,231,151,60,67,0,962,2337790
fd00::202:2:2:2,18,0,0,8,26,2348252,77,228,60,12,184,100,-83,232,153,60,38,0,1282,2348290
fd00::202:2:2:2,18,0,0,8,26,2358783,78,229,60,12,264,100,-83,233,155,60,7,0,1392,2358790
fd00::202:2:2:2,18,0,0,8,26,2369314,79,230,60,12,204,100,-83,234,157,60,46,0,1817,2369360
fd00::202:2:2:2,18,0,0,8,26,2379845,80,231,60,12,214,100,-83,235,159,60,15,0,1752,2379860
fd00::202:2:2:2,18,0,0,8,26,2390376,81,233,60,12,164,100,-83,237,162,60,3274,0,1727,2393650
fd00::202:2:2:2,18,0,0,7,25,2400907,82,234,60,12,174,100,-83,238,164,60,1003,0,927,2401910
fd00::202:2:2:2,18,0,0,8,26,2411438,83,235,60,12,186,100,-83,239,166,60,1812,0,1458,2413250
fd00::202:2:2:2,18,0,0,8,26,2421969,84,236,60,12,194,100,-83,240,168,60,1221,0,1567,2423190
fd00::202:2:2:2,18,0,0,8,26,2432502,85,237,60,12,344,100,-83,241,170,60,1188,0,1712,2433690
fd00::202:2:2:2,18,0,0,8,26,2443031,86,238,60,12,214,100,-83,242,172,60,529,0,1752,2443560
fd00::202:2:2:2,18,0,0,7,25,2453562,87,239,60,12,154,100,-83,243,174,60,638,0,1267,2454200
fd00::202:2:2:2,18,0,0,8,26,2464093,88,240,60,12,164,100,-83,244,176,60,47,0,1657,2464140
fd00::202:2:2:2,18,0,0,8,26,2474626,89,241,60,12,524,100,-83,245,178,60,14,0,1627,2474640
fd00::202:2:2:2,18,0,0,8,26,2485155,90,242,60,12,184,100,-83,246,180,60,55,0,1807,2485210
fd00::202:2:2:2,18,0,0,8,26,2495686,91,243,60,12,334,100,-83,247,182,60,24,0,1707,2495710
fd00::202:2:2:2,18,0,0,8,26,2506217,92,244,60,12,552,100,-83,248,184,60,203,0,2026,2506420
fd00::202:2:2:2,18,0,0,8,26,2516748,93,245,60,12,214,100,-83,249,186,60,32,0,1647,2516780
fd00::202:2:2:2,18,0,0,8,26,2527279,94,246,60,12,84,100,-83,250,188,60,71,0,1372,2527350
fd00::202:2:2:2,18,0,0,8,26,2537810,95,247,60,12,165,100,-83,251,190,60,40,0,1062,2537850
fd00::202:2:2:2,18,0,0,8,26,2548343,96,248,60,12,174,100,-83,252,192,60,7,0,1172,2548350
fd00::202:2:2:2,18,0,0,8,26,2558874,97,249,60,12,184,100,-83,253,194,60,46,0,2892,2558920
fd00::202:2:2:2,511,0,1,2570,3082,2843209,98,267,60,12,124,100,-83,282,196,60,51,0,762,2843260
fd00::202:2:2:2,18,0,0,8,26,2853740,99,268,60,12,134,100,-83,283,198,60,20,0,1502,2853760
fd00::202:2:2:2,18,0,0,8,26,2864271,100,269,60,12,144,100,-83,284,200,60,59,0,1017,2864330
fd00::202:2:2:2,18,0,0,8,26,2874804,101,270,60,12,1134,100,-83,285,202,60,306,0,707,2875110
fd00::202:2:2:2,18,0,0,8,26,2885333,102,271,60,12,94,100,-83,286,204,60,67,0,1132,2885400
fd00::202:2:2:2,18,0,0,8,26,2895864,103,272,60,12,104,100,-83,287,206,60,36,0,402,2895900
fd00::202:2:2:2,18,0,0,8,26,2906397,104,273,60,12,114,100,-83,288,208,60,143,0,477,2906540
fd00::202:2:2:2,18,0,0,8,26,2916926,105,274,60,12,124,100,-83,289,210,60,44,0,482,2916970
fd00::202:2:2:2,18,0,0,8,26,2927457,106,275,60,12,134,100,-83,290,212,60,13,0,1607,2927470
fd00::202:2:2:2,18,0,0,8,26,2937990,107,276,60,12,145,100,-83,291,214,60,50,0,877,2938040
fd00::202:2:2:2,18,0,0,8,26,2948519,108,277,60,12,84,100,-83,292,216,60,301,0,777,2948820
fd00::202:2:2:2,18,0,0,8,26,2959052,109,278,60,12,94,100,-83,293,218,60,58,0,712,2959110
fd00::202:2:2:2,18,0,0,8,26,2969583,110,279,60,12,104,100,-83,294,220,60,27,0,927,2969610
fd00::202:2:2:2,18,0,0,8,26,2980112,111,281,60,12,124,100,-83,296,223,60,1538,0,552,2981650
fd00::202:2:2:2,18,0,0,7,25,2990643,112,282,60,12,134,100,-83,297,225,60,1857,0,1222,2992500
fd00::202:2:2:2,18,0,0,8,26,3001174,113,283,60,12,144,100,-83,298,227,60,566,0,772,3001740
fd00::202:2:2:2,18,0,0,8,26,3011705,114,284,60,12,84,100,-83,299,229,60,45,0,567,3011750
fd00::202:2:2:2,18,0,0,8,26,3022236,115,285,60,12,94,100,-83,300,231,60,14,0,607,3022250
fd00::202:2:2:2,18,0,0,8,26,3032767,116,286,60,12,104,100,-83,301,233,60,53,0,1312,3032820
fd00::202:2:2:2,18,0,0,8,26,3043298,117,287,60,12,114,100,-83,302,235,60,22,0,1632,3043320
fd00::202:2:2:2,18,0,0,8,26,3053829,118,288,60,12,124,100,-83,303,237,60,61,0,727,3053890
fd00::202:2:2:2,18,0,0,8,26,3064360,119,289,60,12,134,100,-83,304,239,60,30,0,732,3064390
fd00::202:2:2:2,18,0,0,8,26,3074891,120,290,60,12,144,100,-83,305,241,60,69,0,947,3074960
fd00::202:2:2:2,18,0,0,8,26,3085422,121,291,60,12,84,100,-83,306,243,60,178,0,1442,3085600
fd00::202:2:2:2,18,0,0,8,26,3095955,122,292,60,12,164,100,-83,307,245,60,5,0,1202,3095960
fd00::202:2:2:2,18,0,0,8,26,3106484,123,293,60,12,104,100,-83,308,247,60,46,0,1767,3106530
fd00::202:2:2:2,18,0,0,8,26,3117015,124,294,60,12,184,100,-83,309,249,60,15,0,1492,3117030
fd00::202:2:2:2,18,0,0,8,26,3127546,125,295,60,12,124,100,-83,310,251,60,54,0,1497,3127600
fd00::202:2:2:2,18,0,0,8,26,3138079,126,296,60,12,134,100,-83,311,253,60,21,0,697,3138100
fd00::202:2:2:2,18,0,0,8,26,3148608,127,297,60,12,144,100,-83,312,255,60,62,0,1507,3148670
fd00::202:2:2:2,18,0,0,8,26,3159141,128,298,60,12,84,100,-83,313,257,60,29,0,1197,3159170
fd00::202:2:2:2,18,0,0,8,26,3169672,129,299,60,12,94,100,-83,314,259,60,68,0,747,3169740
fd00::202:2:2:2,18,0,0,8,26,3180201,130,300,60,12,104,100,-83,316,261,60,1159,0,1557,3181360
fd00::202:2:2:2,18,0,0,8,26,3190732,131,302,60,12,124,100,-83,317,264,60,778,0,727,3191510
fd00::202:2:2:2,18,0,0,8,26,3201263,132,303,60,12,134,100,-83,318,266,60,2077,0,1642,3203340
fd00::202:2:2:2,18,0,0,8,26,3211794,133,304,60,12,144,100,-83,319,268,60,1906,0,1682,3213700
fd00::202:2:2:2,18,0,0,8,26,3222327,134,305,60,12,84,100,-83,320,270,60,53,0,882,3222380
fd00::202:2:2:2,18,0,0,8,26,3232856,135,306,60,12,94,100,-83,321,272,60,794,0,957,3233650
fd00::202:2:2:2,18,0,0,8,26,3243387,136,307,60,12,104,100,-83,322,274,60,63,0,752,3243450
fd00::202:2:2:2,18,0,0,8,26,3253918,137,308,60,12,114,100,-83,323,276,60,32,0,897,3253950
fd00::202:2:2:2,18,0,0,8,26,3264451,138,309,60,12,126,100,-83,324,278,60,69,0,1218,3264520
fd00::202:2:2:2,18,0,0,8,26,3274980,139,310,60,12,134,100,-83,325,280,60,40,0,732,3275020
fd00::202:2:2:2,18,0,0,8,26,3285511,140,311,60,12,144,100,-83,326,282,60,9,0,877,3285520
fd00::202:2:2:2,18,0,0,8,26,3296042,141,312,60,12,84,100,-83,327,284,60,48,0,1687,3296090
fd00::202:2:2:2,18,0,0,8,26,3306575,142,313,60,12,164,100,-83,328,286,60,15,0,502,3306590
fd00::202:2:2:2,18,0,0,8,26,3317104,143,314,60,12,104,100,-83,329,288,60,56,0,612,3317160
fd00::202:2:2:2,18,0,0,8,26,3327635,144,315,60,12,114,100,-83,330,290,60,25,0,722,3327660
fd00::202:2:2:2,18,0,0,8,26,3338166,145,316,60,12,124,100,-83,331,292,60,64,0,692,3338230
fd00::202:2:2:2,18,0,0,8,26,3348699,146,317,60,12,134,100,-83,332,294,60,31,0,767,3348730
fd00::202:2:2:2,18,0,0,8,26,3359229,147,318,60,12,144,100,-83,333,296,60,71,0,1787,3359300
fd00::202:2:2:2,18,0,0,8,26,3369759,148,319,60,12,84,100,-83,334,298,60,41,0,1337,3369800
fd00::202:2:2:2,18,0,0,8,26,3380290,149,321,60,12,104,100,-83,336,301,60,1690,0,962,3381980
fd00::202:2:2:2,18,0,0,8,26,3390821,150,322,60,12,114,100,-83,337,303,60,3899,0,2192,3394720
fd00::202:2:2:2,18,0,0,8,26,3401352,151,323,60,12,124,100,-83,338,305,60,2538,0,1847,3403890
fd00::202:2:2:2,18,0,0,8,26,3411883,152,324,60,12,134,100,-83,339,307,60,1037,0,1432,3412920
fd00::202:2:2:2,18,0,0,8,26,3422414,153,325,60,12,144,100,-83,340,309,60,376,0,1367,3422790
fd00::202:2:2:2,18,0,0,8,26,3432945,154,326,60,12,84,100,-83,341,311,60,65,0,1232,3433010
fd00::202:2:2:2,18,0,0,8,26,3443476,155,327,60,12,94,100,-83,342,313,60,34,0,1447,3443510
fd00::202:2:2:2,18,0,0,8,26,3454011,156,328,60,12,104,100,-83,343,315,60,209,0,1172,3454220
fd00::202:2:2:2,18,0,0,8,26,3464538,157,329,60,12,114,100,-83,344,317,60,42,0,757,3464580
fd00::202:2:2:2,18,0,0,8,26,3475069,158,330,60,12,124,100,-83,345,319,60,11,0,1567,3475080
fd00::202:2:2:2,18,0,0,8,26,3485600,159,331,60,12,134,100,-83,346,321,60,50,0,1817,3485650
fd00::202:2:2:2,18,0,0,8,26,3496133,160,332,60,12,144,100,-83,347,323,60,17,0,177,3496150
fd00::202:2:2:2,18,0,0,8,26,3506662,161,333,60,12,84,100,-83,348,325,60,58,0,707,3506720
fd00::202:2:2:2,18,0,0,8,26,3517193,162,334,60,12,94,100,-83,349,327,60,27,0,572,3517220
fd00::202:2:2:2,18,0,0,8,26,3527724,163,335,60,12,106,100,-83,350,329,60,696,0,928,3528420
fd00::202:2:2:2,18,0,0,8,26,3538257,164,336,60,12,114,100,-83,351,331,60,33,0,932,3538290
fd00::202:2:2:2,18,0,0,8,26,3548788,165,337,60,12,124,100,-83,352,333,60,72,0,937,3548860
fd00::202:2:2:2,18,0,0,8,26,3559317,166,338,60,12,134,100,-83,353,335,60,43,0,207,3559360
fd00::202:2:2:2,18,0,0,8,26,3569848,167,339,60,12,144,100,-83,354,337,60,12,0,1472,3569860
fd00::202:2:2:2,18,0,0,8,26,3580379,168,341,60,12,94,100,-83,356,340,60,3621,0,1972,3584000
fd00::202:2:2:2,18,0,0,8,26,3590910,169,342,60,12,104,100,-83,357,342,60,720,0,787,3591630
fd00::203:3:3:3,55,0,0,310,365,31296,1,0,60,0,0,0,0,0,1,60,134,1,0,31430
fd00::203:3:3:3,18,0,0,8,26,41558,2,1,60,12,544,100,-88,1,3,60,1562,1,1497,43120
fd00::203:3:3:3,18,0,0,8,26,51822,3,2,60,12,974,100,-88,2,5,60,1308,1,1502,53130
fd00::203:3:3:3,18,0,0,8,26,62086,4,3,60,12,1963,100,-88,3,7,60,214,1,1051,62300
fd00::203:3:3:3,18,0,0,8,26,72350,5,4,60,12,504,100,-88,4,9,60,2130,1,2212,74480
fd00::203:3:3:3,18,0,0,8,26,82614,6,5,60,12,1214,100,-88,5,11,60,126,1,817,82740
fd00::203:3:3:3,18,0,0,8,26,92878,7,6,60,12,2204,100,-88,6,13,60,1762,1,2257,94640
fd00::203:3:3:3,18,0,0,8,26,103142,8,7,60,12,606,100,-88,7,15,60,2068,1,2473,105210
fd00::203:3:3:3,18,0,0,8,26,113406,9,8,60,12,754,100,-88,8,17,60,1044,1,2127,114450
fd00::203:3:3:3,18,0,0,8,26,123670,10,9,60,12,1814,100,-88,9,19,60,3030,1,3322,126700
fd00::203:3:3:3,18,0,0,8,26,133936,11,10,60,12,1194,100,-88,10,21,60,1654,1,2452,135590
fd00::203:3:3:3,18,0,0,8,26,144199,12,11,60,12,1414,100,-88,11,23,60,1261,1,1792,145460
fd00::203:3:3:3,18,0,0,8,26,154462,13,12,60,12,584,100,-88,12,25,60,448,1,1237,154910
fd00::203:3:3:3,18,0,0,8,26,164725,14,13,60,12,1084,100,-88,13,27,60,3205,1,2642,167930
fd00::203:3:3:3,18,0,0,8,26,174990,15,14,60,12,397,100,-88,14,29,60,430,1,2053,175420
fd00::203:3:3:3,18,0,0,8,26,185254,16,15,60,12,334,100,-88,15,31,60,1786,1,3457,187040
fd00::203:3:3:3,18,0,0,8,26,195517,17,16,60,12,624,100,-88,16,33,60,623,1,2062,196140
fd00::203:3:3:3,18,0,1,8,27,205780,18,17,60,12,984,100,-88,17,35,60,3660,1,3397,209440
fd00::203:3:3:3,18,0,1,7,26,216044,19,18,60,12,854,100,-88,18,37,60,816,1,1827,216860
fd00::203:3:3:3,18,0,1,8,27,226309,20,19,60,12,1214,100,-88,19,39,60,2801,1,3687,229110
fd00::203:3:3:3,18,0,1,8,27,236573,21,20,60,12,2417,100,-88,23,42,60,26137,1,3282,262710
fd00::203:3:3:3,18,0,2,6,26,257101,23,22,60,12,404,100,-88,24,44,60,19119,2,11852,276220
fd00::203:3:3:3,18,0,1,7,26,246837,22,21,60,12,745,100,-88,24,45,60,29943,4,11852,276780
fd00::203:3:3:3,18,0,1,9,28,267366,24,23,60,12,4052,100,-88,24,47,60,9974,1,8607,277340
fd00::203:3:3:3,18,0,1,7,26,277629,25,23,60,12,4052,100,-88,25,48,60,7341,1,8607,284970
fd00::203:3:3:3,18,0,1,8,27,287893,26,24,60,12,8687,100,-59,26,50,60,11847,1,7738,299740
fd00::203:3:3:3,18,0,1,8,27,298157,27,25,60,12,11709,100,-59,27,52,60,3963,2,10263,302120
fd00::203:3:3:3,18,0,1,7,26,308421,28,25,60,12,11709,100,-59,28,53,60,5879,1,10263,314300
fd00::203:3:3:3,18,0,1,8,27,318686,29,26,60,12,26063,100,-59,29,55,60,9544,2,17686,328230
fd00::203:3:3:3,18,0,1,8,27,328949,30,27,60,12,27754,100,-59,30,57,60,10271,2,19092,339220
fd00::203:3:3:3,147,0,3,71,221,411064,31,37,60,12,485,100,-59,38,60,60,4876,2,1362,415940
fd00::203:3:3:3,18,0,0,8,26,421326,32,39,60,12,644,100,-59,39,63,60,4764,2,2037,426090
fd00::203:3:3:3,18,0,0,8,26,431590,33,40,60,12,864,100,-59,40,65,60,4160,2,2812,435750
fd00::203:3:3:3,18,0,0,8,26,441853,34,40,60,12,864,100,-59,41,66,60,7057,2,2812,448910
fd00::203:3:3:3,424,0,4,201,629,729246,40,59,60,12,286,100,-59,69,68,60,224,1,6457,729470
fd00::203:3:3:3,110,0,3,51,164,790830,41,72,60,12,314,100,-59,76,72,60,6400,2,1977,797230
fd00::204:4:4:4,247,0,0,2153,2400,137179,1,0,60,0,0,0,0,0,1,60,161,2,0,137340
fd00::204:4:4:4,19,0,0,8,27,147735,2,1,60,12,2324,100,-88,1,3,60,175,2,1827,147910
fd00::204:4:4:4,19,0,0,8,27,158291,3,2,60,12,4084,100,-88,2,5,60,399,2,2147,158690
fd00::204:4:4:4,19,0,0,8,27,168849,4,3,60,12,2904,100,-88,3,7,60,1111,2,2887,169960
fd00::204:4:4:4,19,0,0,8,27,189961,6,5,60,12,1734,100,-88,6,10,60,3799,2,3492,193760
fd00::204:4:4:4,19,0,0,9,28,200514,7,6,60,12,2864,100,-88,7,12,60,5216,2,2202,205730
fd00::204:4:4:4,19,0,0,9,28,211073,8,7,60,12,1894,100,-88,8,14,60,3617,2,3537,214690
fd00::204:4:4:4,19,0,0,8,27,221627,9,8,60,12,8344,100,-88,9,16,60,5803,2,4347,227430
fd00::204:4:4:4,19,0,1,8,28,232181,10,9,60,12,4574,100,-88,11,18,60,13029,2,3967,245210
fd00::204:4:4:4,19,0,1,8,28,242738,11,10,60,12,4937,100,-88,13,21,60,21092,2,9643,263830
fd00::204:4:4:4,19,0,1,7,27,253295,12,11,60,12,4315,100,-88,14,22,60,23765,3,9643,277060
fd00::204:4:4:4,19,0,2,7,28,263850,13,12,60,12,4744,100,-88,15,24,60,18460,4,13572,282310
fd00::204:4:4:4,19,0,1,8,28,274406,14,13,60,12,7974,100,-88,15,26,60,10214,2,11757,284620
fd00::204:4:4:4,19,0,1,8,28,295518,16,15,60,12,13246,100,-88,16,28,60,2822,3,8578,298340
fd00::204:4:4:4,19,0,1,8,28,284965,15,14,60,12,10717,100,-88,16,29,60,13585,2,8578,298550
fd00::205:5:5:5,369,0,0,3269,3638,205368,1,0,60,0,0,0,0,0,1,60,2182,3,0,207550
fd00::205:5:5:5,19,0,0,9,28,216161,2,0,60,0,0,0,0,1,2,60,1259,3,0,217420
fd00::205:5:5:5,19,0,0,9,28,226952,3,2,60,12,5134,100,-77,3,5,60,11818,3,4772,238770
fd00::205:5:5:5,19,0,0,9,28,237742,4,3,60,12,5357,100,-77,6,8,60,25038,3,8072,262780
fd00::205:5:5:5,19,0,0,9,28,248534,5,4,60,12,4805,100,-77,7,9,60,28456,4,8072,276990
fd00::205:5:5:5,19,0,0,9,28,259328,6,4,60,12,4805,100,-77,7,10,60,18362,5,8072,277690
fd00::205:5:5:5,19,0,1,8,28,280909,8,6,60,12,8534,100,-77,8,13,60,6511,3,11862,287420
fd00::206:6:6:6,78,0,0,394,472,43569,1,0,60,0,0,0,0,0,1,60,111,1,0,43680
fd00::206:6:6:6,19,0,0,9,28,54498,2,1,60,12,1604,100,-86,1,3,60,102,1,1537,54600
fd00::206:6:6:6,19,0,0,9,28,65427,3,2,60,12,2593,100,-86,2,5,60,93,1,1366,65520
fd00::206:6:6:6,19,0,0,9,28,76358,4,3,60,12,714,100,-86,3,7,60,82,1,2352,76440
fd00::206:6:6:6,19,0,0,9,28,87285,5,4,60,12,2404,100,-86,4,9,60,145,1,1272,87430
fd00::206:6:6:6,19,0,0,9,28,98214,6,5,60,12,2554,100,-86,5,11,60,136,1,2292,98350
fd00::206:6:6:6,19,0,0,9,28,109145,7,6,60,12,2776,100,-86,6,13,60,125,1,2578,109270
fd00::206:6:6:6,19,0,0,8,27,131001,9,8,60,12,2094,100,-86,9,16,60,2069,1,3602,133070
fd00::206:6:6:6,19,0,0,9,28,141930,10,10,60,12,1624,100,-86,10,19,60,2130,1,1757,144060
fd00::206:6:6:6,19,0,0,9,28,152861,11,10,60,12,1624,100,-86,11,20,60,3099,1,1757,155960
fd00::206:6:6:6,19,0,1,8,28,163788,12,12,60,12,2204,100,-86,12,23,60,82,1,1767,163870
fd00::206:6:6:6,19,0,0,9,28,174719,13,13,60,12,677,100,-86,13,25,60,631,1,2648,175350
fd00::206:6:6:6,19,0,0,9,28,185646,14,14,60,12,824,100,-86,14,27,60,1464,1,3422,187110
fd00::206:6:6:6,19,0,0,9,28,196575,15,15,60,12,2374,100,-86,15,29,60,125,1,1607,196700
fd00::206:6:6:6,19,0,0,9,28,207506,16,16,60,12,1334,100,-86,16,31,60,1864,1,1717,209370
fd00::206:6:6:6,19,0,0,9,28,218433,17,17,60,12,8414,100,-86,17,33,60,1017,1,4417,219450
fd00::206:6:6:6,19,0,0,9,28,229362,18,18,60,12,1494,100,-86,19,35,60,2408,1,3757,231770
fd00::206:6:6:6,19,0,0,9,28,240293,19,19,60,12,2767,100,-86,20,37,60,4147,1,1453,244440
fd00::206:6:6:6,19,0,0,9,28,251220,20,21,60,12,894,100,-86,22,40,60,12260,1,3317,263480
fd00::206:6:6:6,19,0,2,8,29,262149,21,22,60,12,1394,100,-86,23,42,60,14771,1,8432,276920
fd00::206:6:6:6,19,0,1,9,29,273078,22,22,60,12,1394,100,-86,23,43,60,4752,1,8432,277830
fd00::206:6:6:6,19,0,0,9,28,284006,23,23,60,12,9107,100,-86,24,45,60,124,1,6968,284130
fd00::206:6:6:6,19,0,0,9,28,294935,24,24,60,12,12336,100,-86,25,47,60,325,1,7393,295260
fd00::206:6:6:6,19,0,1,9,29,305864,25,24,60,12,12336,100,-86,26,48,60,106,1,7393,305970
fd00::206:6:6:6,19,0,2,8,29,316796,26,25,60,12,23543,100,-86,28,50,60,8494,1,13136,325290
fd00::206:6:6:6,19,0,2,7,28,349580,29,28,60,12,28194,100,-86,31,54,60,3710,1,16302,353290
fd00::206:6:6:6,19,0,1,8,28,360509,30,29,60,12,27576,100,-86,32,56,60,4681,1,14138,365190
fd00::206:6:6:6,78,0,4,34,116,404226,31,36,60,12,3215,100,-86,36,63,60,4924,1,4057,409150
fd00::206:6:6:6,19,0,1,8,28,415155,32,37,60,12,3084,100,-86,37,65,60,995,1,3047,416150
fd00::206:6:6:6,19,0,1,8,28,426083,33,38,60,12,1274,100,-86,38,67,60,147,1,2212,426230
fd00::206:6:6:6,19,0,1,8,28,437013,34,39,60,12,1144,100,-86,39,69,60,137,1,2847,437150
fd00::206:6:6:6,570,0,16,2276,2862,775814,37,69,60,12,784,100,-86,73,72,60,136,1,2702,775950
fd00::206:6:6:6,19,0,0,8,27,786741,38,70,60,12,2544,100,-86,74,74,60,1529,1,3967,788270
fd00::206:6:6:6,19,0,1,8,28,797668,39,71,60,12,594,100,-86,75,76,60,122,1,2397,797790
fd00::207:7:7:7,75,0,0,455,530,41909,1,0,60,0,0,0,0,0,1,60,21,0,0,41930
fd00::207:7:7:7,18,0,0,8,26,52385,2,1,60,12,694,100,-89,1,3,60,45,0,837,52430
fd00::207:7:7:7,18,0,0,8,26,62861,3,2,60,12,983,100,-89,2,5,60,69,0,526,62930
fd00::207:7:7:7,18,0,0,8,26,73337,4,3,60,12,1414,100,-89,3,7,60,23,0,742,73360
fd00::207:7:7:7,18,0,0,8,26,83813,5,4,60,12,654,100,-89,4,9,60,3267,0,432,87080
fd00::207:7:7:7,18,0,0,8,26,94289,6,5,60,12,664,100,-89,5,11,60,71,0,857,94360
fd00::207:7:7:7,18,0,0,7,25,104765,7,6,60,12,1306,100,-89,6,13,60,655,0,1003,105420
fd00::207:7:7:7,18,0,0,7,25,115241,8,7,60,12,1034,100,-89,7,15,60,49,0,1392,115290
fd00::207:7:7:7,18,0,0,8,26,125719,9,8,60,12,834,100,-89,8,17,60,71,0,697,125790
fd00::207:7:7:7,18,0,0,8,26,136193,10,9,60,12,704,100,-89,9,19,60,307,0,1752,136500
fd00::207:7:7:7,18,0,0,8,26,146669,11,10,60,12,1974,100,-89,10,21,60,51,0,2422,146720
fd00::207:7:7:7,18,0,0,8,26,157147,12,11,60,12,864,100,-89,11,23,60,73,0,502,157220
fd00::207:7:7:7,18,0,0,8,26,167621,13,12,60,12,594,100,-89,12,25,60,29,0,752,167650
fd00::207:7:7:7,18,0,0,8,26,178097,14,13,60,12,1727,100,-89,13,27,60,263,0,933,178360
fd00::207:7:7:7,18,0,0,8,26,188573,15,14,60,12,1104,100,-89,14,29,60,637,0,1217,189210
fd00::207:7:7:7,18,0,0,8,26,199049,16,15,60,12,1604,100,-89,15,31,60,31,0,942,199080
fd00::207:7:7:7,18,0,0,8,26,209525,17,16,60,12,634,100,-89,16,33,60,55,0,2102,209580
fd00::207:7:7:7,263,0,1,191,455,366665,19,32,60,12,724,100,-89,32,37,60,65,0,397,366730
fd00::207:7:7:7,18,0,0,8,26,377143,20,33,60,12,1015,100,-89,33,39,60,577,0,542,377720
fd00::207:7:7:7,18,0,0,8,26,387617,21,34,60,12,254,100,-89,34,41,60,43,0,827,387660
fd00::207:7:7:7,18,0,0,8,26,398093,22,35,60,12,964,100,-89,35,43,60,627,0,2897,398720
fd00::207:7:7:7,18,0,0,8,26,408571,23,36,60,12,625,100,-89,36,45,60,229,0,522,408800
fd00::207:7:7:7,18,0,0,8,26,419047,24,37,60,12,1054,100,-89,37,47,60,43,0,702,419090
fd00::207:7:7:7,18,0,0,8,26,429521,25,38,60,12,1064,100,-89,38,49,60,69,0,1827,429590
fd00::207:7:7:7,18,0,0,8,26,439997,26,39,60,12,584,100,-89,40,51,60,2263,0,327,442260
fd00::207:7:7:7,18,0,0,8,26,450475,27,40,60,12,174,100,-89,41,53,60,885,0,1172,451360
fd00::207:7:7:7,18,0,0,8,26,460951,28,42,60,12,474,100,-89,42,56,60,6019,0,272,466970
fd00::207:7:7:7,18,0,0,8,26,471425,29,43,60,12,764,100,-89,43,58,60,3245,0,767,474670
fd00::207:7:7:7,18,0,0,8,26,481901,30,44,60,12,1194,100,-89,44,60,60,2779,0,2312,484680
fd00::207:7:7:7,18,0,0,8,26,492379,31,45,60,12,924,100,-89,46,62,60,13581,0,7917,505960
fd00::207:7:7:7,56,0,3,23,82,523805,32,48,60,12,674,100,-89,48,65,60,75,0,617,523880
fd00::207:7:7:7,18,0,0,8,26,534280,33,49,60,12,1314,100,-89,49,67,60,170,0,937,534450
fd00::207:7:7:7,18,0,0,8,26,544757,34,50,60,12,554,100,-89,50,69,60,263,0,2342,545020
fd00::207:7:7:7,18,0,0,8,26,555233,35,51,60,12,1474,100,-89,51,71,60,7,0,842,555240
fd00::207:7:7:7,18,0,1,7,26,565709,36,52,60,12,994,100,-89,52,73,60,31,0,1302,565740
fd00::207:7:7:7,18,0,1,7,26,576185,37,53,60,12,1144,100,-89,53,75,60,55,0,1307,576240
fd00::207:7:7:7,18,0,0,8,26,586661,38,54,60,12,1504,100,-89,54,77,60,9,0,1102,586670
fd00::207:7:7:7,18,0,0,8,26,597137,39,55,60,12,955,100,-89,55,79,60,33,0,2507,597170
fd00::207:7:7:7,18,0,0,8,26,607613,40,56,60,12,1527,100,-89,56,81,60,57,0,2058,607670
fd00::207:7:7:7,18,0,0,8,26,618089,41,57,60,12,974,100,-89,57,83,60,11,0,907,618100
fd00::207:7:7:7,18,0,1,7,26,628565,42,58,60,12,1194,100,-89,58,85,60,35,0,1612,628600
fd00::207:7:7:7,18,0,0,8,26,639041,43,59,60,12,994,100,-89,59,87,60,59,0,672,639100
fd00::207:7:7:7,18,0,0,8,26,649519,44,60,60,12,654,100,-89,60,89,60,11,0,887,649530
fd00::207:7:7:7,18,0,0,8,26,659993,45,61,60,12,1154,100,-89,62,91,60,4027,0,752,664020
fd00::207:7:7:7,18,0,0,8,26,670468,46,62,60,12,1304,100,-89,63,93,60,762,0,2052,671230
fd00::207:7:7:7,18,0,2,6,26,680945,47,64,60,12,834,100,-89,64,96,60,3935,0,2097,684880
fd00::207:7:7:7,18,0,0,8,26,691421,48,65,60,12,914,100,-89,66,97,60,12219,0,2097,703640
fd00::207:7:7:7,358,0,9,572,939,890465,49,83,60,12,614,100,-89,85,98,60,3785,0,2097,894250
fd00::207:7:7:7,18,0,0,8,26,900941,50,84,60,12,764,100,-89,86,100,60,3109,0,2272,904050
fd00::207:7:7:7,18,0,0,8,26,911417,51,86,60,12,924,100,-89,87,103,60,2293,0,1827,913710
fd00::207:7:7:7,18,0,0,8,26,921893,52,87,60,12,514,100,-89,88,105,60,3857,0,537,925750
fd00::207:7:7:7,18,0,0,8,26,932369,53,88,60,12,1015,100,-89,89,107,60,171,0,1032,932540
fd00::207:7:7:7,18,0,0,8,26,942845,54,89,60,12,1166,100,-89,90,109,60,55,0,1213,942900
fd00::207:7:7:7,18,0,0,8,26,953321,55,90,60,12,1034,100,-89,91,111,60,9,0,1007,953330
fd00::207:7:7:7,18,0,0,8,26,963797,56,91,60,12,203,100,-89,92,113,60,33,0,801,963830
fd00::207:7:7:7,18,0,0,8,26,974273,57,92,60,12,354,100,-89,93,115,60,57,0,1857,974330
fd00::207:7:7:7,18,0,0,8,26,984749,58,93,60,12,994,100,-89,94,117,60,11,0,777,984760
fd00::207:7:7:7,18,0,0,8,26,995225,59,94,60,12,1423,100,-89,95,119,60,1435,0,851,996660
fd00::207:7:7:7,18,0,0,8,26,1005701,60,95,60,12,944,100,-89,96,121,60,59,0,857,1005760
fd00::207:7:7:7,18,0,0,8,26,1016177,61,96,60,12,884,100,-89,97,123,60,3583,0,827,1019760
fd00::207:7:7:7,18,0,0,8,26,1026653,62,97,60,12,964,100,-89,98,125,60,37,0,692,1026690
fd00::207:7:7:7,18,0,0,8,26,1037129,63,98,60,12,1254,100,-89,99,127,60,131,0,1012,1037260
fd00::207:7:7:7,18,0,0,8,26,1047605,64,99,60,12,425,100,-89,100,129,60,785,0,1962,1048390
fd00::207:7:7:7,18,0,0,8,26,1058083,65,100,60,12,646,100,-89,101,131,60,37,0,358,1058120
fd00::207:7:7:7,18,0,0,8,26,1068557,66,101,60,12,725,100,-89,102,133,60,63,0,502,1068620
fd00::207:7:7:7,18,0,0,8,26,1079033,67,102,60,12,875,100,-89,103,135,60,227,0,962,1079260
fd00::207:7:7:7,18,0,0,8,26,1089511,68,103,60,12,745,100,-89,104,137,60,179,0,512,1089690
fd00::207:7:7:7,377,0,5,1436,1818,1309505,70,121,60,12,194,100,-89,126,141,60,55,0,1987,1309560
fd00::207:7:7:7,18,0,0,8,26,1319983,71,122,60,12,414,100,-89,128,143,60,24,0,1817,1320007
fd00::207:7:7:7,395,0,5,1253,1653,1539977,72,141,60,12,774,100,-89,150,145,60,2753,0,2242,1542730
fd00::207:7:7:7,18,0,0,8,26,1550455,73,142,60,12,1275,100,-89,151,147,60,2215,0,1407,1552670
fd00::207:7:7:7,18,0,0,8,26,1560929,74,144,60,12,525,100,-89,152,150,60,2731,0,1802,1563660
fd00::207:7:7:7,18,0,0,8,26,1571405,75,145,60,12,253,100,-89,153,152,60,2335,0,1841,1573740
fd00::207:7:7:7,18,0,0,8,26,1581881,76,146,60,12,124,100,-89,154,154,60,959,0,1392,1582840
fd00::207:7:7:7,18,0,0,8,26,1592357,77,147,60,12,624,100,-89,155,156,60,1263,0,1187,1593620
fd00::207:7:7:7,18,0,0,8,26,1602833,78,148,60,12,495,100,-89,156,158,60,97,0,1437,1602930
fd00::207:7:7:7,18,0,0,8,26,1613309,79,149,60,12,295,100,-89,157,159,60,5791,0,1437,1619100
fd00::207:7:7:7,245,0,3,178,426,1749497,80,162,60,12,706,100,-89,170,160,60,223,0,1437,1749720
fd00::207:7:7:7,18,0,0,8,26,1759975,81,163,60,12,574,100,-89,172,162,60,4305,0,1862,1764280
fd00::207:7:7:7,490,0,5,2145,2640,2042825,83,187,60,12,374,100,-89,200,166,60,125,0,432,2042950
fd00::207:7:7:7,18,0,0,8,26,2053303,84,188,60,12,245,100,-89,201,168,60,567,0,1837,2053870
fd00::207:7:7:7,18,0,0,8,26,2063777,85,189,60,12,674,100,-89,202,170,60,33,0,1142,2063810
fd00::207:7:7:7,18,0,0,8,26,2074255,86,190,60,12,474,100,-89,203,172,60,1175,0,1567,2075430
fd00::207:7:7:7,18,0,0,8,26,2084729,87,191,60,12,695,100,-89,204,174,60,2811,0,627,2087540
fd00::207:7:7:7,18,0,0,8,26,2095205,88,192,60,12,424,100,-89,205,176,60,1645,0,877,2096850
fd00::207:7:7:7,18,0,0,8,26,2105681,89,193,60,12,854,100,-89,206,178,60,129,0,1897,2105810
fd00::207:7:7:7,18,0,0,8,26,2116159,90,194,60,12,654,100,-89,207,180,60,11,0,1027,2116170
fd00::207:7:7:7,18,0,0,8,26,2126633,91,195,60,12,734,100,-89,208,182,60,37,0,1662,2126670
fd00::207:7:7:7,18,0,0,8,26,2137109,92,196,60,12,954,100,-89,209,184,60,61,0,1317,2137170
fd00::207:7:7:7,18,0,0,8,26,2147585,93,197,60,12,474,100,-89,210,186,60,15,0,2512,2147600
fd00::207:7:7:7,18,0,0,8,26,2158063,94,198,60,12,624,100,-89,211,188,60,37,0,872,2158100
fd00::207:7:7:7,18,0,0,8,26,2168537,95,199,60,12,494,100,-89,212,190,60,63,0,1017,2168600
fd00::207:7:7:7,18,0,0,8,26,2179013,96,200,60,12,1064,100,-89,213,192,60,17,0,1232,2179030
fd00::207:7:7:7,18,0,0,8,26,2189489,97,201,60,12,234,100,-89,214,194,60,41,0,1552,2189530
fd00::207:7:7:7,18,0,0,8,26,2199965,98,202,60,12,1155,100,-89,216,196,60,3075,0,997,2203040
fd00::207:7:7:7,18,0,0,8,26,2210441,99,204,60,12,335,100,-89,217,199,60,2049,0,1217,2212490
fd00::207:7:7:7,18,0,0,8,26,2220917,100,205,60,12,554,100,-89,218,201,60,4873,0,2867,2225790
fd00::207:7:7:7,18,0,0,7,25,2231393,101,206,60,12,494,100,-89,219,203,60,837,0,982,2232230
fd00::207:7:7:7,18,0,0,8,26,2241869,102,207,60,12,434,100,-89,220,205,60,301,0,847,2242170
fd00::207:7:7:7,18,0,0,8,26,2252345,103,208,60,12,934,100,-89,221,207,60,45,0,1132,2252390
fd00::207:7:7:7,18,0,0,8,26,2262821,104,209,60,12,874,100,-89,222,209,60,69,0,787,2262890
fd00::207:7:7:7,18,0,0,8,26,2273297,105,210,60,12,606,100,-89,223,211,60,23,0,1458,2273320
fd00::207:7:7:7,18,0,0,8,26,2283773,106,211,60,12,964,100,-89,224,213,60,117,0,657,2283890
fd00::207:7:7:7,18,0,0,8,26,2294251,107,212,60,12,834,100,-89,225,215,60,69,0,1082,2294320
fd00::207:7:7:7,18,0,0,8,26,2304727,108,213,60,12,565,100,-89,226,217,60,303,0,737,2305030
fd00::207:7:7:7,18,0,0,8,26,2315201,109,214,60,12,1274,100,-89,227,219,60,3899,0,952,2319100
fd00::207:7:7:7,18,0,0,8,26,2325679,110,215,60,12,584,100,-89,228,221,60,71,0,1132,2325750
fd00::207:7:7:7,18,0,0,8,26,2336153,111,216,60,12,734,100,-89,229,223,60,167,0,857,2336320
fd00::207:7:7:7,18,0,0,8,26,2346629,112,217,60,12,464,100,-89,230,225,60,51,0,2122,2346680
fd00::207:7:7:7,18,0,0,8,26,2357105,113,218,60,12,544,100,-89,231,227,60,75,0,692,2357180
fd00::207:7:7:7,18,0,0,8,26,2367581,114,219,60,12,624,100,-89,232,229,60,29,0,1677,2367610
fd00::207:7:7:7,18,0,0,8,26,2378059,115,220,60,12,354,100,-89,233,231,60,51,0,597,2378110
fd00::207:7:7:7,18,0,0,8,26,2388533,116,221,60,12,504,100,-89,234,233,60,7,0,1967,2388540
fd00::207:7:7:7,18,0,0,8,26,2399009,117,222,60,12,444,100,-89,235,235,60,31,0,852,2399040
fd00::207:7:7:7,18,0,0,8,26,2409487,118,223,60,12,524,100,-89,236,237,60,53,0,787,2409540
fd00::207:7:7:7,377,0,4,1231,1612,2619005,119,241,60,12,736,100,-89,257,238,60,45,0,787,2619050
fd00::207:7:7:7,18,0,0,8,26,2629481,120,242,60,12,884,100,-89,258,240,60,69,0,1142,2629550
fd00::207:7:7:7,18,0,0,8,26,2639957,121,243,60,12,754,100,-89,259,242,60,23,0,1952,2639980
fd00::207:7:7:7,18,0,0,8,26,2650435,122,244,60,12,906,100,-89,261,244,60,605,0,2623,2651040
fd00::207:7:7:7,18,0,0,8,26,2660909,123,246,60,12,294,100,-89,262,247,60,2241,0,1547,2663150
fd00::207:7:7:7,18,0,0,8,26,2671385,124,247,60,12,584,100,-89,263,249,60,235,0,607,2671620
fd00::207:7:7:7,18,0,0,8,26,2681861,125,248,60,12,314,100,-89,264,251,60,259,0,1032,2682120
fd00::207:7:7:7,18,0,0,8,26,2692339,126,249,60,12,604,100,-89,265,253,60,71,0,827,2692410
fd00::207:7:7:7,18,0,0,8,26,2702813,127,250,60,12,684,100,-89,266,255,60,27,0,482,2702840
fd00::207:7:7:7,18,0,0,8,26,2713289,128,251,60,12,554,100,-89,267,257,60,891,0,1992,2714180
fd00::207:7:7:7,18,0,0,8,26,2723765,129,252,60,12,495,100,-89,268,259,60,2035,0,2872,2725800
fd00::207:7:7:7,18,0,0,8,26,2734241,130,253,60,12,364,100,-89,269,261,60,29,0,777,2734270
fd00::207:7:7:7,18,0,0,8,26,2744717,131,254,60,12,584,100,-89,270,263,60,53,0,852,2744770
fd00::207:7:7:7,18,0,0,8,26,2755193,132,255,60,12,524,100,-89,271,265,60,287,0,1627,2755480
fd00::207:7:7:7,18,0,0,8,26,2765671,133,256,60,12,954,100,-89,272,267,60,29,0,827,2765700
fd00::207:7:7:7,18,0,0,8,26,2776145,134,257,60,12,474,100,-89,273,269,60,55,0,1602,2776200
fd00::207:7:7:7,18,0,0,8,26,2786621,135,258,60,12,484,100,-89,274,271,60,9,0,732,2786630
fd00::207:7:7:7,18,0,0,8,26,2797097,136,259,60,12,284,100,-89,275,273,60,33,0,1192,2797130
fd00::207:7:7:7,18,0,0,8,26,2807575,137,260,60,12,434,100,-89,276,275,60,55,0,532,2807630
fd00::207:7:7:7,18,0,0,8,26,2818049,138,261,60,12,304,100,-89,277,277,60,11,0,1027,2818060
fd00::207:7:7:7,18,0,0,8,26,2828525,139,262,60,12,454,100,-89,278,279,60,35,0,717,2828560
fd00::207:7:7:7,18,0,0,8,26,2839001,140,263,60,12,814,100,-89,279,281,60,59,0,792,2839060
fd00::207:7:7:7,18,0,0,8,26,2849479,141,264,60,12,264,100,-89,280,283,60,11,0,2057,2849490
fd00::207:7:7:7,18,0,0,8,26,2859953,142,265,60,12,274,100,-89,282,285,60,45,0,1747,2859998
fd00::207:7:7:7,18,0,0,8,26,2870429,143,267,60,12,434,100,-89,283,288,60,1251,0,777,2871680
fd00::207:7:7:7,18,0,0,8,26,2880905,144,268,60,12,374,100,-89,284,290,60,5055,0,2952,2885960
fd00::207:7:7:7,18,0,0,8,26,2891381,145,269,60,12,314,100,-89,285,292,60,879,0,1032,2892260
fd00::207:7:7:7,18,0,0,8,26,2901857,146,270,60,12,1164,100,-89,286,294,60,63,0,617,2901920
fd00::207:7:7:7,18,0,0,8,26,2912333,147,271,60,12,474,100,-89,287,296,60,17,0,1007,2912350
fd00::207:7:7:7,18,0,0,8,26,2922809,148,272,60,12,344,100,-89,288,298,60,251,0,1397,2923060
fd00::207:7:7:7,18,0,0,8,26,2933285,149,273,60,12,285,100,-89,289,300,60,65,0,982,2933350
fd00::207:7:7:7,18,0,0,8,26,2943761,150,274,60,12,364,100,-89,290,302,60,19,0,1022,2943780
fd00::207:7:7:7,18,0,0,8,26,2954237,151,275,60,12,234,100,-89,291,304,60,43,0,1377,2954280
fd00::207:7:7:7,18,0,0,8,26,2964713,152,276,60,12,314,100,-89,292,306,60,67,0,297,2964780
fd00::207:7:7:7,18,0,0,8,26,2975189,153,277,60,12,254,100,-89,293,308,60,21,0,792,2975210
fd00::207:7:7:7,18,0,0,8,26,2985665,154,278,60,12,264,100,-89,294,310,60,45,0,1847,2985710
fd00::207:7:7:7,18,0,0,8,26,2996141,155,279,60,12,344,100,-89,295,312,60,69,0,837,2996210
fd00::207:7:7:7,18,0,0,8,26,3006617,156,280,60,12,494,100,-89,296,314,60,23,0,1122,3006640
fd00::207:7:7:7,18,0,0,8,26,3017095,157,281,60,12,224,100,-89,297,316,60,45,0,917,3017140
fd00::207:7:7:7,18,0,0,8,26,3027571,158,282,60,12,234,100,-89,298,318,60,69,0,852,3027640
fd00::207:7:7:7,18,0,0,8,26,3038045,159,283,60,12,384,100,-89,299,320,60,25,0,472,3038070
fd00::207:7:7:7,18,0,0,8,26,3048521,160,284,60,12,1584,100,-89,300,322,60,49,0,897,3048570
fd00::207:7:7:7,18,0,0,8,26,3059001,161,285,60,12,264,100,-89,301,324,60,69,0,972,3059070
fd00::207:7:7:7,18,0,0,8,26,3069475,162,286,60,12,414,100,-89,302,326,60,25,0,872,3069500
fd00::207:7:7:7,18,0,0,8,26,3079949,163,287,60,12,284,100,-89,304,328,60,1661,0,1157,3081610
fd00::207:7:7:7,18,0,0,8,26,3090425,164,289,60,12,304,100,-89,305,331,60,3295,0,1692,3093720
fd00::207:7:7:7,18,0,0,8,26,3100901,165,290,60,12,594,100,-89,306,333,60,169,0,472,3101070
fd00::207:7:7:7,18,0,0,8,26,3111377,166,291,60,12,324,100,-89,307,335,60,893,0,722,3112270
fd00::207:7:7:7,18,0,0,8,26,3121853,167,292,60,12,474,100,-89,308,337,60,777,0,1147,3122630
fd00::207:7:7:7,18,0,0,8,26,3132329,168,293,60,12,274,100,-89,309,339,60,31,0,942,3132360
fd00::207:7:7:7,18,0,0,8,26,3142805,169,294,60,12,424,100,-89,310,341,60,55,0,527,3142860
fd00::207:7:7:7,18,0,0,8,26,3153281,170,295,60,12,224,100,-89,311,343,60,359,0,672,3153640
fd00::207:7:7:7,18,0,0,8,26,3163757,171,296,60,12,234,100,-89,312,345,60,33,0,1342,3163790
fd00::207:7:7:7,18,0,0,8,26,3174233,172,297,60,12,314,100,-89,313,347,60,897,0,997,3175130
fd00::207:7:7:7,18,0,0,8,26,3184709,173,298,60,12,394,100,-89,314,349,60,11,0,827,3184720
fd00::207:7:7:7,18,0,0,8,26,3195187,174,299,60,12,404,100,-89,315,351,60,33,0,622,3195220
fd00::207:7:7:7,18,0,0,8,26,3205661,175,300,60,12,274,100,-89,316,353,60,59,0,1607,3205720
fd00::207:7:7:7,18,0,0,8,26,3216137,176,301,60,12,284,100,-89,317,355,60,153,0,1122,3216290
fd00::207:7:7:7,18,0,0,8,26,3226615,177,302,60,12,224,100,-89,318,357,60,35,0,847,3226650
fd00::207:7:7:7,18,0,0,8,26,3237091,178,303,60,12,444,100,-89,319,359,60,59,0,2357,3237150
fd00::207:7:7:7,18,0,0,8,26,3247565,179,304,60,12,314,100,-89,320,361,60,15,0,927,3247580
fd00::207:7:7:7,18,0,0,8,26,3258041,180,305,60,12,254,100,-89,321,363,60,39,0,407,3258080
fd00::207:7:7:7,18,0,0,8,26,3268519,181,306,60,12,476,100,-89,322,365,60,61,0,763,3268580
fd00::207:7:7:7,18,0,0,8,26,3278995,182,307,60,12,554,100,-89,323,367,60,15,0,312,3279010
fd00::207:7:7:7,18,0,0,8,26,3289469,183,308,60,12,284,100,-89,324,369,60,41,0,422,3289510
fd00::207:7:7:7,18,0,0,8,26,3299947,184,309,60,12,224,100,-89,326,371,60,1393,0,252,3301340
fd00::207:7:7:7,18,0,0,8,26,3310421,185,311,60,12,244,100,-89,327,374,60,2329,0,1347,3312750
fd00::207:7:7:7,18,0,0,8,26,3320897,186,312,60,12,254,100,-89,328,376,60,43,0,267,3320940
fd00::207:7:7:7,18,0,0,8,26,3331373,187,313,60,12,264,100,-89,329,378,60,207,0,762,3331580
fd00::207:7:7:7,18,0,0,8,26,3341849,188,314,60,12,274,100,-89,330,380,60,21,0,872,3341870
fd00::207:7:7:7,18,0,0,8,26,3352325,189,315,60,12,704,100,-89,331,382,60,325,0,947,3352650
fd00::207:7:7:7,18,0,0,8,26,3362801,190,316,60,12,434,100,-89,332,384,60,69,0,637,3362870
fd00::207:7:7:7,18,0,0,8,26,3373277,191,317,60,12,234,100,-89,333,386,60,23,0,1377,3373300
fd00::207:7:7:7,18,0,0,8,26,3383753,192,318,60,12,314,100,-89,334,388,60,47,0,1662,3383800
fd00::207:7:7:7,18,0,0,7,25,3394231,193,319,60,12,464,100,-89,335,390,60,349,0,1597,3394580
fd00::207:7:7:7,18,0,0,8,26,3404705,194,320,60,12,684,100,-89,336,392,60,25,0,412,3404730
fd00::207:7:7:7,18,0,0,8,26,3415181,195,321,60,12,274,100,-89,337,394,60,49,0,557,3415230
fd00::207:7:7:7,18,0,0,8,26,3425661,196,322,60,12,284,100,-89,338,396,60,69,0,562,3425730
fd00::207:7:7:7,18,0,0,8,26,3436133,197,323,60,12,294,100,-89,339,398,60,27,0,707,3436160
fd00::207:7:7:7,18,0,0,8,26,3446609,198,324,60,12,444,100,-89,340,400,60,51,0,397,3446660
fd00::207:7:7:7,18,0,0,8,26,3457085,199,325,60,12,244,100,-89,341,402,60,75,0,192,3457160
fd00::207:7:7:7,18,0,0,8,26,3467561,200,326,60,12,464,100,-89,342,404,60,29,0,582,3467590
fd00::207:7:7:7,18,0,0,8,26,3478037,201,327,60,12,264,100,-89,343,406,60,53,0,1742,3478090
fd00::207:7:7:7,18,0,0,8,26,3488513,202,328,60,12,764,100,-89,344,408,60,7,0,732,3488520
fd00::207:7:7:7,18,0,0,8,26,3498989,203,329,60,12,564,100,-89,345,410,60,31,0,2102,3499020
fd00::207:7:7:7,18,0,0,8,26,3509467,204,330,60,12,224,100,-89,346,412,60,123,0,847,3509590
fd00::207:7:7:7,18,0,0,8,26,3519941,205,331,60,12,234,100,-89,347,414,60,9,0,292,3519950
fd00::207:7:7:7,18,0,0,8,26,3530417,206,333,60,12,394,100,-89,349,417,60,1573,0,827,3531990
fd00::207:7:7:7,18,0,0,7,25,3540893,207,334,60,12,264,100,-89,350,419,60,337,0,412,3541230
fd00::207:7:7:7,18,0,0,8,26,3551369,208,335,60,12,624,100,-89,351,421,60,11,0,627,3551380
fd00::207:7:7:7,18,0,0,8,26,3561845,209,336,60,12,564,100,-89,352,423,60,1715,0,1752,3563560
fd00::207:7:7:7,18,0,0,8,26,3572321,210,337,60,12,434,100,-89,353,425,60,59,0,917,3572380
fd00::207:7:7:7,18,0,0,8,26,3582797,211,338,60,12,304,100,-89,354,427,60,13,0,1097,3582810
fd00::207:7:7:7,18,0,0,8,26,3593273,212,339,60,12,244,100,-89,355,429,60,37,0,857,3593310
fd00::208:8:8:8,56,0,0,110,166,31127,1,0,60,0,0,0,0,0,1,60,23,0,0,31150
fd00::208:8:8:8,18,0,0,8,26,41608,2,1,60,12,1314,100,-90,1,3,60,42,0,692,41650
fd00::208:8:8:8,18,0,0,8,26,52091,3,2,60,12,414,100,-90,2,5,60,759,0,1292,52850
fd00::208:8:8:8,18,0,0,8,26,62574,4,3,60,12,493,100,-90,3,7,60,286,0,386,62860
fd00::208:8:8:8,18,0,0,8,26,73057,5,4,60,12,784,100,-90,4,9,60,23,0,637,73080
fd00::208:8:8:8,18,0,0,8,26,83539,6,5,60,12,374,100,-90,5,11,60,2701,0,1622,86240
fd00::208:8:8:8,18,0,0,8,26,94023,7,6,60,12,524,100,-90,6,13,60,1947,0,612,95970
fd00::208:8:8:8,18,0,0,8,26,104506,8,7,60,12,326,100,-90,7,15,60,74,0,1668,104580
fd00::208:8:8:8,18,0,0,8,26,114989,9,8,60,12,894,100,-90,8,17,60,21,0,1462,115010
fd00::208:8:8:8,18,0,0,8,26,125472,10,9,60,12,414,100,-90,9,19,60,38,0,1292,125510
fd00::208:8:8:8,18,0,0,7,25,135953,11,10,60,12,1334,100,-90,10,21,60,57,0,1787,136010
fd00::208:8:8:8,18,0,0,7,25,146439,12,11,60,12,854,100,-90,11,22,60,71,0,1787,146510
fd00::208:8:8:8,18,0,0,8,26,156921,13,12,60,12,374,100,-90,12,24,60,19,0,1342,156940
fd00::208:8:8:8,18,0,0,8,26,167404,14,13,60,12,384,100,-90,14,26,60,5986,0,2012,173390
fd00::208:8:8:8,18,0,1,7,26,177885,15,14,60,12,537,100,-90,14,28,60,1175,0,2543,179060
fd00::208:8:8:8,18,0,1,7,26,188370,16,15,60,12,2994,100,-90,15,30,60,70,0,1672,188440
fd00::208:8:8:8,18,0,0,8,26,198853,17,16,60,12,974,100,-90,16,32,60,17,0,977,198870
fd00::208:8:8:8,18,0,1,7,26,209336,18,17,60,12,1544,100,-90,18,34,60,5844,0,2032,215180
fd00::208:8:8:8,18,0,1,7,26,219817,19,18,60,12,364,100,-90,19,36,60,3133,0,2667,222950
fd00::208:8:8:8,18,0,1,8,27,230302,20,20,60,12,317,100,-90,20,39,60,2728,0,1278,233030
fd00::208:8:8:8,18,0,1,7,26,240785,21,20,60,12,317,100,-90,21,40,60,2745,0,1278,243530
fd00::208:8:8:8,18,0,1,7,26,251268,22,22,60,12,544,100,-90,22,43,60,2832,0,1812,254100
fd00::208:8:8:8,18,0,1,8,27,261751,23,23,60,12,1254,100,-90,23,45,60,5089,0,3392,266840
fd00::208:8:8:8,18,0,1,7,26,272234,24,24,60,12,357,100,-90,24,47,60,3286,0,1508,275520
fd00::208:8:8:8,18,0,1,7,26,282716,25,25,60,12,156,100,-90,25,49,60,5474,4,1688,288190
fd00::208:8:8:8,18,0,1,7,26,293200,26,26,60,12,373,100,-90,26,51,60,170,0,1656,293370
fd00::208:8:8:8,18,0,1,8,27,303681,27,27,60,12,244,100,-90,27,53,60,189,0,1417,303870
fd00::208:8:8:8,18,0,0,8,26,314166,28,28,60,12,1654,100,-90,28,55,60,3984,0,1107,318150
fd00::208:8:8:8,18,0,1,7,26,324648,29,29,60,12,2924,100,-90,29,57,60,2462,0,3422,327110
fd00::208:8:8:8,18,0,1,8,27,335130,30,30,60,12,276,100,-90,30,59,60,170,0,558,335300
fd00::208:8:8:8,18,0,0,8,26,345615,31,31,60,12,284,100,-90,31,61,60,255,0,2802,345870
fd00::208:8:8:8,18,0,0,8,26,356098,32,32,60,12,226,100,-90,32,63,60,1602,0,2038,357700
fd00::208:8:8:8,18,0,1,8,27,366580,33,33,60,12,164,100,-90,33,65,60,80,0,852,366660
fd00::208:8:8:8,18,0,1,8,27,377066,34,34,60,12,595,100,-90,34,67,60,234,0,857,377300
fd00::208:8:8:8,18,0,1,8,27,387547,35,35,60,12,114,100,-90,35,69,60,43,0,1947,387590
fd00::208:8:8:8,18,0,0,8,26,398028,36,36,60,12,124,100,-90,36,71,60,202,0,1707,398230
fd00::208:8:8:8,18,0,1,7,26,408512,37,37,60,12,485,100,-90,37,73,60,8,0,942,408520
fd00::208:8:8:8,18,0,1,7,26,418998,38,38,60,12,914,100,-90,38,75,60,22,0,912,419020
fd00::208:8:8:8,18,0,1,8,27,429478,39,39,60,12,224,100,-90,39,77,60,42,0,707,429520
fd00::208:8:8:8,18,0,1,7,26,439962,40,40,60,12,234,100,-90,41,79,60,478,0,1027,440440
fd00::208:8:8:8,18,0,1,7,26,450445,41,42,60,12,254,100,-90,42,82,60,3715,0,2052,454160
fd00::208:8:8:8,18,0,1,7,26,460930,42,43,60,12,194,100,-90,43,84,60,860,0,867,461790
fd00::208:8:8:8,18,0,1,7,26,471411,43,44,60,12,414,100,-90,44,86,60,879,0,977,472290
fd00::208:8:8:8,18,0,1,7,26,481894,44,45,60,12,914,100,-90,45,88,60,4186,0,2872,486080
fd00::208:8:8:8,18,0,1,8,27,492376,45,46,60,12,1274,100,-90,46,89,60,3434,0,2872,495810
fd00::208:8:8:8,18,0,2,7,27,502860,46,47,60,12,1844,100,-90,47,91,60,4500,0,3442,507360
fd00::208:8:8:8,18,0,1,7,26,513343,47,48,60,12,1364,100,-90,48,93,60,5777,0,4532,519120
fd00::208:8:8:8,18,0,1,8,27,523826,48,48,60,12,1364,100,-90,50,94,60,11114,0,4532,534940
fd00::208:8:8:8,37,0,2,15,54,544792,49,51,60,12,1394,100,-90,51,98,60,88,0,2202,544880
fd00::208:8:8:8,18,0,1,7,26,555274,50,52,60,12,284,100,-90,52,100,60,36,0,1892,555310
fd00::208:8:8:8,18,0,0,8,26,565757,51,53,60,12,224,100,-90,53,102,60,2643,0,1687,568400
fd00::208:8:8:8,18,0,1,8,27,576241,52,54,60,12,234,100,-90,54,104,60,69,0,2462,576310
fd00::208:8:8:8,18,0,1,8,27,586724,53,55,60,12,454,100,-90,55,106,60,576,0,962,587300
fd00::208:8:8:8,18,0,1,8,27,597207,54,56,60,12,325,100,-90,57,108,60,7033,0,1702,604240
fd00::208:8:8:8,18,0,1,8,27,607688,55,57,60,12,127,100,-90,57,110,60,52,0,2163,607740
fd00::208:8:8:8,18,0,0,8,26,618171,56,58,60,12,274,100,-90,58,112,60,69,0,942,618240
fd00::208:8:8:8,18,0,1,7,26,628654,57,59,60,12,284,100,-90,59,114,60,16,0,1752,628670
fd00::208:8:8:8,18,0,0,8,26,639137,58,60,60,12,434,100,-90,60,116,60,33,0,777,639170
fd00::208:8:8:8,18,0,0,8,26,649620,59,61,60,12,94,100,-90,61,118,60,120,0,1342,649740
fd00::208:8:8:8,18,0,0,8,26,660105,60,63,60,12,44,100,-90,63,121,60,5525,0,2787,665630
fd00::208:8:8:8,18,0,1,8,27,670588,61,64,60,12,56,100,-90,64,123,60,922,0,413,671510
fd00::208:8:8:8,18,0,1,8,27,681071,62,65,60,12,64,100,-90,65,125,60,4159,0,2517,685230
fd00::208:8:8:8,18,0,1,8,27,691554,63,66,60,12,74,100,-90,66,126,60,6556,0,2517,698110
fd00::208:8:8:8,18,0,1,8,27,702037,64,67,60,12,574,100,-90,67,128,60,3913,0,847,705950
fd00::208:8:8:8,18,0,1,7,26,712520,65,68,60,12,164,100,-90,68,130,60,1760,0,1062,714280
fd00::208:8:8:8,18,0,0,8,26,723003,66,69,60,12,174,100,-90,69,132,60,1427,0,2047,724430
fd00::208:8:8:8,18,0,1,8,27,733486,67,70,60,12,114,100,-90,70,134,60,1164,0,1387,734650
fd00::208:8:8:8,18,0,1,7,26,743969,68,71,60,12,684,100,-90,71,136,60,1461,2,2302,745430
fd00::208:8:8:8,18,0,1,7,26,754451,69,72,60,12,204,100,-90,72,138,60,359,0,2237,754810
fd00::208:8:8:8,18,0,0,8,26,764934,70,73,60,12,424,100,-90,73,140,60,3456,0,877,768390
fd00::208:8:8:8,37,0,2,15,54,785901,71,75,60,12,444,100,-90,75,143,60,269,0,677,786170
fd00::208:8:8:8,18,0,1,7,26,796382,72,76,60,12,314,100,-90,76,145,60,288,0,1697,796670
fd00::208:8:8:8,18,0,1,7,26,806866,73,77,60,12,465,100,-90,78,147,60,6254,0,2157,813120
fd00::208:8:8:8,37,0,2,15,54,827832,74,79,60,12,1395,100,-90,79,150,60,58,0,1712,827890
fd00::208:8:8:8,18,0,1,7,26,838316,75,80,60,12,704,100,-90,80,152,60,74,0,1647,838390
fd00::208:8:8:8,18,0,0,8,26,848799,76,81,60,12,714,100,-90,81,154,60,91,0,1022,848890
fd00::208:8:8:8,18,0,0,8,26,859282,77,82,60,12,164,100,-90,82,156,60,38,0,2427,859320
fd00::208:8:8:8,18,0,0,8,26,869765,78,83,60,12,6334,100,-90,84,158,60,3765,0,6037,873530
fd00::208:8:8:8,18,0,0,8,26,880249,79,83,60,12,6334,100,-90,85,159,60,6301,0,6037,886550
fd00::208:8:8:8,18,0,0,8,26,890731,80,83,60,12,6334,100,-90,86,160,60,2539,0,6037,893270
fd00::208:8:8:8,18,0,0,8,26,901214,81,84,60,12,14334,100,-90,87,162,60,666,0,7342,901880
fd00::208:8:8:8,18,0,0,8,26,911697,82,85,60,12,17774,100,-90,88,164,60,53,0,8957,911750
fd00::208:8:8:8,18,0,0,8,26,922180,83,87,60,12,12124,100,-90,89,167,60,1890,0,6902,924070
fd00::208:8:8:8,18,0,1,8,27,932663,84,88,60,12,10874,100,-90,90,169,60,1207,0,6907,933870
fd00::208:8:8:8,18,0,1,8,27,943146,85,88,60,12,10874,100,-90,91,170,60,244,0,6907,943390
fd00::208:8:8:8,18,0,1,7,26,953629,86,91,60,12,194,100,-90,92,174,60,261,0,832,953890
fd00::208:8:8:8,18,0,0,8,26,964112,87,91,60,12,194,100,-90,93,175,60,68,0,832,964180
fd00::208:8:8:8,18,0,0,8,26,974595,88,93,60,12,3154,100,-90,94,178,60,15,0,1647,974610
fd00::208:8:8:8,18,0,1,8,27,985078,89,94,60,12,784,100,-90,95,180,60,32,0,1792,985110
fd00::208:8:8:8,18,0,1,8,27,995561,90,95,60,12,163,100,-90,96,182,60,189,0,1831,995750
fd00::208:8:8:8,18,0,1,8,27,1006044,91,96,60,12,1154,100,-90,97,184,60,66,0,927,1006110
fd00::208:8:8:8,18,0,0,9,27,1016527,92,97,60,12,604,100,-90,98,186,60,503,0,2052,1017030
fd00::208:8:8:8,18,0,1,7,26,1027010,93,98,60,12,614,100,-90,99,188,60,30,0,1602,1027040
fd00::208:8:8:8,18,0,0,9,27,1037493,94,99,60,12,834,100,-90,100,190,60,2077,0,1957,1039570
fd00::208:8:8:8,641,0,17,1543,2201,1393915,95,130,60,12,13434,100,-90,136,197,60,835,0,6857,1394750
fd00::208:8:8:8,18,0,1,8,27,1404398,96,132,60,12,3515,100,-90,137,200,60,432,0,1932,1404830
fd00::208:8:8:8,18,0,1,8,27,1414881,97,133,60,12,374,100,-90,138,202,60,29,0,1972,1414910
fd00::208:8:8:8,18,0,0,8,26,1425364,98,134,60,12,454,100,-90,140,203,60,7186,0,1972,1432550
fd00::208:8:8:8,490,0,14,1308,1812,1697922,99,160,60,12,5484,100,-90,166,210,60,68,0,2917,1697990
fd00::208:8:8:8,18,0,0,8,26,1708405,100,161,60,12,5844,100,-90,167,212,60,15,0,3237,1708420
fd00::208:8:8:8,18,0,0,8,26,1718888,101,162,60,12,2144,100,-90,168,214,60,102,0,1177,1718990
fd00::208:8:8:8,18,0,0,8,26,1729371,102,163,60,12,4535,100,-90,169,216,60,49,0,2862,1729420
fd00::208:8:8:8,18,0,0,8,26,1739854,103,164,60,12,274,100,-90,170,218,60,66,0,2027,1739920
fd00::208:8:8:8,18,0,0,8,26,1750339,104,165,60,12,4276,100,-90,172,220,60,2391,0,2593,1752730
fd00::208:8:8:8,18,0,1,8,27,1760822,105,166,60,12,784,100,-90,173,222,60,98,0,1407,1760920
fd00::208:8:8:8,18,0,0,8,26,1771303,106,168,60,12,453,100,-90,174,224,60,5087,0,2742,1776390
fd00::208:8:8:8,603,0,14,3040,3657,2106759,107,197,60,12,6384,100,-90,208,240,60,8151,0,3542,2114910
fd00::208:8:8:8,622,0,14,1497,2133,2452698,108,230,60,12,504,100,-90,242,242,60,32,0,1162,2452730
fd00::208:8:8:8,18,0,0,8,26,2463181,109,231,60,12,374,100,-90,243,244,60,539,0,1482,2463720
fd00::208:8:8:8,18,0,0,8,26,2473666,110,232,60,12,314,100,-90,244,246,60,484,0,2047,2474150
fd00::208:8:8:8,18,0,0,8,26,2484147,111,233,60,12,464,100,-90,245,248,60,1343,0,2717,2485490
fd00::208:8:8:8,18,0,0,7,25,2494630,112,234,60,12,474,100,-90,246,250,60,30,0,1917,2494660
fd00::208:8:8:8,18,0,1,7,26,2505113,113,235,60,12,412,100,-90,247,252,60,467,0,1151,2505580
fd00::208:8:8:8,18,0,0,8,26,2515598,114,236,60,12,774,100,-90,248,254,60,62,0,1052,2515660
fd00::208:8:8:8,18,0,0,8,26,2526079,115,237,60,12,574,100,-90,249,256,60,11,0,812,2526090
fd00::208:8:8:8,18,0,0,8,26,2536562,116,238,60,12,1215,100,-90,250,258,60,28,0,2042,2536590
fd00::208:8:8:8,18,0,0,8,26,2547047,117,239,60,12,664,100,-90,251,260,60,43,0,962,2547090
fd00::208:8:8:8,18,0,0,8,26,2557528,118,240,60,12,394,100,-90,252,262,60,62,0,1072,2557590
fd00::208:8:8:8,18,0,0,8,26,2568011,119,241,60,12,614,100,-90,253,264,60,9,0,937,2568020
fd00::208:8:8:8,18,0,0,8,26,2578494,120,242,60,12,694,100,-90,254,266,60,236,0,1257,2578730
fd00::208:8:8:8,18,0,0,8,26,2588977,121,243,60,12,704,100,-90,255,268,60,43,0,982,2589020
fd00::208:8:8:8,18,0,0,8,26,2599460,122,244,60,12,574,100,-90,256,270,60,60,0,952,2599520
fd00::208:8:8:8,18,0,0,8,26,2609943,123,245,60,12,584,100,-90,257,272,60,7,0,1587,2609950
fd00::208:8:8:8,18,0,0,8,26,2620426,124,246,60,12,456,100,-90,259,274,60,2404,0,1068,2622830
fd00::208:8:8:8,18,0,0,8,26,2630909,125,248,60,12,614,100,-90,260,277,60,1721,0,1287,2632630
fd00::208:8:8:8,18,0,0,8,26,2641392,126,249,60,12,486,100,-90,261,279,60,1668,0,1503,2643060
fd00::208:8:8:8,18,0,0,8,26,2651875,127,250,60,12,214,100,-90,262,281,60,75,0,807,2651950
fd00::208:8:8:8,18,0,0,8,26,2662358,128,251,60,12,154,100,-90,263,283,60,302,0,742,2662660
fd00::208:8:8:8,18,0,0,8,26,2672841,129,252,60,12,164,100,-90,264,285,60,319,0,1552,2673160
fd00::208:8:8:8,18,0,0,8,26,2683324,130,253,60,12,174,100,-90,265,287,60,56,0,507,2683380
fd00::208:8:8:8,18,0,0,8,26,2693809,131,254,60,12,184,100,-90,266,289,60,71,0,1037,2693880
fd00::208:8:8:8,18,0,0,8,26,2704290,132,255,60,12,194,100,-90,267,291,60,90,0,1917,2704380
fd00::208:8:8:8,18,0,0,8,26,2714775,133,256,60,12,204,100,-90,268,293,60,35,0,767,2714810
fd00::208:8:8:8,18,0,0,8,26,2725256,134,257,60,12,215,100,-90,269,295,60,54,0,1122,2725310
fd00::208:8:8:8,18,0,0,8,26,2735739,135,258,60,12,154,100,-90,270,297,60,71,0,532,2735810
fd00::208:8:8:8,18,0,0,8,26,2746222,136,259,60,12,164,100,-90,271,299,60,18,0,782,2746240
fd00::208:8:8:8,18,0,0,8,26,2756705,137,260,60,12,244,100,-90,272,301,60,175,0,577,2756880
fd00::208:8:8:8,18,0,0,8,26,2767190,138,261,60,12,324,100,-90,273,303,60,50,0,547,2767240
fd00::208:8:8:8,18,0,0,8,26,2777673,139,262,60,12,194,100,-90,274,305,60,67,0,692,2777740
fd00::208:8:8:8,18,0,0,8,26,2788154,140,263,60,12,204,100,-90,275,307,60,16,0,1782,2788170
fd00::208:8:8:8,18,0,0,8,26,2798639,141,264,60,12,844,100,-90,276,309,60,31,0,807,2798670
fd00::208:8:8:8,18,0,0,8,26,2809122,142,265,60,12,154,100,-90,277,311,60,48,0,882,2809170
fd00::208:8:8:8,18,0,0,8,26,2819605,143,266,60,12,164,100,-90,278,313,60,65,0,922,2819670
fd00::208:8:8:8,18,0,0,8,26,2830088,144,267,60,12,174,100,-90,280,315,60,4142,0,857,2834230
fd00::208:8:8:8,18,0,0,8,26,2840569,145,269,60,12,334,100,-90,281,318,60,1431,0,902,2842000
fd00::208:8:8:8,18,0,0,8,26,2851052,146,270,60,12,414,100,-90,282,320,60,888,0,802,2851940
fd00::208:8:8:8,18,0,0,8,26,2861535,147,271,60,12,284,100,-90,283,322,60,2655,0,2067,2864190
fd00::208:8:8:8,18,0,0,8,26,2872018,148,272,60,12,154,100,-90,284,324,60,82,0,497,2872100
fd00::208:8:8:8,18,0,0,8,26,2882501,149,273,60,12,234,100,-90,285,326,60,29,0,817,2882530
fd00::208:8:8:8,18,0,0,8,26,2892984,150,274,60,12,524,100,-90,286,328,60,46,0,612,2893030
fd00::208:8:8:8,18,0,0,8,26,2903467,151,275,60,12,464,100,-90,287,330,60,63,0,1457,2903530
fd00::208:8:8:8,18,0,0,8,26,2913950,152,276,60,12,264,100,-90,288,332,60,10,0,1077,2913960
fd00::208:8:8:8,18,0,0,8,26,2924433,153,277,60,12,484,100,-90,289,334,60,867,0,2622,2925300
fd00::208:8:8:8,18,0,0,8,26,2934918,154,278,60,12,355,100,-90,290,336,60,42,0,527,2934960
fd00::208:8:8:8,18,0,0,8,26,2945399,155,279,60,12,224,100,-90,291,338,60,61,0,1582,2945460
fd00::208:8:8:8,18,0,0,8,26,2955884,156,280,60,12,374,100,-90,292,340,60,6,0,537,2955890
fd00::208:8:8:8,18,0,0,8,26,2966365,157,281,60,12,664,100,-90,293,342,60,25,0,682,2966390
fd00::208:8:8:8,18,0,0,8,26,2976848,158,282,60,12,674,100,-90,294,344,60,42,0,547,2976890
fd00::208:8:8:8,18,0,0,8,26,2987333,159,283,60,12,474,100,-90,295,346,60,57,0,1007,2987390
fd00::208:8:8:8,18,0,0,8,26,2997814,160,284,60,12,484,100,-90,296,348,60,76,0,697,2997890
fd00::208:8:8:8,18,0,0,8,26,3008297,161,285,60,12,354,100,-90,297,350,60,23,0,702,3008320
fd00::208:8:8:8,18,0,0,8,26,3018782,162,286,60,12,364,100,-90,298,352,60,38,0,322,3018820
fd00::208:8:8:8,18,0,0,8,26,3029265,163,287,60,12,514,100,-90,299,354,60,55,0,642,3029320
fd00::208:8:8:8,18,0,0,8,26,3039746,164,288,60,12,244,100,-90,300,356,60,74,0,717,3039820
fd00::208:8:8:8,18,0,0,8,26,3050229,165,289,60,12,464,100,-90,302,358,60,2751,0,687,3052980
fd00::208:8:8:8,18,0,0,8,26,3060712,166,291,60,12,274,100,-90,303,361,60,1508,0,1082,3062220
fd00::208:8:8:8,18,0,0,8,26,3071195,167,292,60,12,494,100,-90,304,363,60,125,0,632,3071320
fd00::208:8:8:8,18,0,0,8,26,3081679,168,293,60,12,364,100,-90,305,365,60,3851,0,2632,3085530
fd00::208:8:8:8,18,0,0,8,26,3092161,169,294,60,12,514,100,-90,306,367,60,19,0,1062,3092180
fd00::208:8:8:8,18,0,0,8,26,3102644,170,295,60,12,244,100,-90,307,369,60,1576,0,2082,3104220
fd00::208:8:8:8,18,0,0,8,26,3113127,171,296,60,12,1794,100,-90,308,371,60,193,0,1002,3113320
fd00::208:8:8:8,18,0,0,8,26,3123610,172,297,60,12,544,100,-90,309,373,60,70,0,1812,3123680
fd00::208:8:8:8,18,0,0,8,26,3134093,173,298,60,12,414,100,-90,310,375,60,17,0,452,3134110
fd00::208:8:8:8,18,0,0,8,26,3144576,174,299,60,12,284,100,-90,311,377,60,34,0,562,3144610
fd00::208:8:8:8,18,0,0,8,26,3155059,175,300,60,12,364,100,-90,312,379,60,51,0,567,3155110
fd00::208:8:8:8,18,0,0,8,26,3165542,176,301,60,12,584,100,-90,313,381,60,68,0,782,3165610
fd00::208:8:8:8,18,0,0,8,26,3176025,177,302,60,12,594,100,-90,314,383,60,15,0,822,3176040
fd00::208:8:8:8,18,0,0,8,26,3186508,178,303,60,12,464,100,-90,315,385,60,242,0,1317,3186750
fd00::208:8:8:8,18,0,0,8,26,3196993,179,304,60,12,264,100,-90,316,387,60,47,0,797,3197040
fd00::208:8:8:8,18,0,0,8,26,3207474,180,305,60,12,764,100,-90,317,389,60,66,0,732,3207540
fd00::208:8:8:8,18,0,0,8,26,3217957,181,306,60,12,424,100,-90,318,391,60,13,0,1017,3217970
fd00::208:8:8:8,18,0,0,8,26,3228442,182,307,60,12,294,100,-90,319,393,60,308,0,567,3228750
fd00::208:8:8:8,18,0,0,8,26,3238925,183,308,60,12,514,100,-90,320,395,60,115,0,922,3239040
fd00::208:8:8:8,18,0,0,8,26,3249406,184,309,60,12,594,100,-90,321,397,60,64,0,1452,3249470
fd00::208:8:8:8,18,0,0,8,26,3259889,185,310,60,12,394,100,-90,322,399,60,81,0,827,3259970
fd00::208:8:8:8,18,0,0,8,26,3270374,186,311,60,12,406,100,-90,324,401,60,306,0,1043,3270680
fd00::208:8:8:8,18,0,0,8,26,3280855,187,313,60,12,354,100,-90,325,404,60,745,0,772,3281600
fd00::208:8:8:8,18,0,0,8,26,3291338,188,314,60,12,1274,100,-90,326,406,60,4472,0,2877,3295810
fd00::208:8:8:8,18,0,0,8,26,3301821,189,315,60,12,304,100,-90,327,408,60,9,0,782,3301830
fd00::208:8:8:8,18,0,0,8,26,3312304,190,316,60,12,314,100,-90,328,410,60,26,0,892,3312330
fd00::208:8:8:8,18,0,0,8,26,3322787,191,317,60,12,394,100,-90,329,412,60,253,0,757,3323040
fd00::208:8:8:8,18,0,0,8,26,3333270,192,318,60,12,474,100,-90,330,414,60,60,0,1042,3333330
fd00::208:8:8:8,18,0,0,8,26,3343753,193,319,60,12,414,100,-90,331,416,60,7,0,1607,3343760
fd00::208:8:8:8,18,0,0,8,26,3354236,194,320,60,12,284,100,-90,332,418,60,24,0,1122,3354260
fd00::208:8:8:8,18,0,0,8,26,3364719,195,321,60,12,224,100,-90,333,420,60,41,0,1722,3364760
fd00::208:8:8:8,18,0,0,8,26,3375202,196,322,60,12,304,100,-90,334,422,60,58,0,257,3375260
fd00::208:8:8:8,18,0,0,8,26,3385685,197,323,60,12,524,100,-90,335,424,60,75,0,787,3385760
fd00::208:8:8:8,18,0,0,8,26,3396168,198,324,60,12,324,100,-90,336,426,60,162,0,1317,3396330
fd00::208:8:8:8,18,0,0,8,26,3406651,199,325,60,12,544,100,-90,337,428,60,39,0,2442,3406690
fd00::208:8:8:8,18,0,0,8,26,3417134,200,326,60,12,414,100,-90,338,430,60,56,0,1117,3417190
fd00::208:8:8:8,18,0,0,8,26,3427619,201,327,60,12,354,100,-90,339,432,60,71,0,667,3427690
fd00::208:8:8:8,18,0,0,8,26,3438102,202,328,60,12,784,100,-90,340,434,60,18,0,777,3438120
fd00::208:8:8:8,18,0,0,8,26,3448583,203,329,60,12,234,100,-90,341,436,60,37,0,537,3448620
fd00::208:8:8:8,18,0,0,8,26,3459068,204,330,60,12,734,100,-90,342,438,60,52,0,437,3459120
fd00::208:8:8:8,18,0,0,8,26,3469549,205,331,60,12,814,100,-90,343,440,60,71,0,687,3469620
fd00::208:8:8:8,18,0,0,8,26,3480032,206,332,60,12,404,100,-90,345,442,60,2398,0,1042,3482430
fd00::208:8:8:8,18,0,0,8,26,3490515,207,334,60,12,424,100,-90,346,445,60,1785,0,1052,3492300
fd00::208:8:8:8,18,0,0,8,26,3500998,208,335,60,12,294,100,-90,347,447,60,1802,0,1372,3502800
fd00::208:8:8:8,18,0,0,8,26,3511481,209,336,60,12,934,100,-90,348,449,60,629,0,1027,3512110
fd00::208:8:8:8,18,0,0,7,25,3521964,210,337,60,12,316,100,-90,349,451,60,156,0,298,3522120
fd00::208:8:8:8,18,0,0,8,26,3532447,211,338,60,12,254,100,-90,350,453,60,33,0,1212,3532480
fd00::208:8:8:8,18,0,0,8,26,3542930,212,339,60,12,404,100,-90,351,455,60,50,0,1042,3542980
fd00::208:8:8:8,18,0,0,8,26,3553413,213,340,60,12,484,100,-90,352,457,60,207,0,1257,3553620
fd00::208:8:8:8,18,0,0,8,26,3563898,214,341,60,12,284,100,-90,353,459,60,12,0,352,3563910
fd00::208:8:8:8,18,0,0,8,26,3574379,215,342,60,12,294,100,-90,354,461,60,31,0,742,3574410
fd00::208:8:8:8,18,0,0,8,26,3584862,216,343,60,12,934,100,-90,355,463,60,258,0,1552,3585120
fd00::208:8:8:8,18,0,0,8,26,3595345,217,344,60,12,314,100,-90,356,465,60,65,0,1172,3595410
fd00::209:9:9:9,95,0,0,591,686,53166,1,0,60,0,0,0,0,0,1,60,244,1,0,53410
fd00::209:9:9:9,19,0,0,8,27,63737,2,1,60,12,703,100,-91,1,3,60,103,1,596,63840
fd00::209:9:9:9,19,0,0,8,27,74308,3,2,60,12,1204,100,-91,2,5,60,592,1,1127,74900
fd00::209:9:9:9,19,0,0,8,27,84881,4,3,60,12,584,100,-91,3,7,60,1429,1,1657,86310
fd00::209:9:9:9,19,0,0,8,27,95450,5,4,60,12,1364,100,-91,4,9,60,590,1,2922,96040
fd00::209:9:9:9,19,0,0,8,27,106021,6,5,60,12,886,100,-91,5,11,60,239,1,1808,106260
fd00::209:9:9:9,19,0,0,8,27,116592,7,6,60,12,1734,100,-91,6,13,60,98,1,1497,116690
fd00::209:9:9:9,19,0,0,8,27,127165,8,7,60,12,624,100,-91,7,15,60,305,1,2412,127470
fd00::209:9:9:9,19,0,0,8,27,137732,9,8,60,12,1684,100,-91,8,17,60,98,1,1822,137830
fd00::209:9:9:9,19,0,0,8,27,148305,10,9,60,12,2114,100,-91,9,19,60,95,1,3122,148400
fd00::209:9:9:9,19,0,0,8,27,158876,11,10,60,12,1354,100,-91,10,21,60,94,1,1377,158970
fd00::209:9:9:9,19,0,1,7,27,169447,12,11,60,12,804,100,-91,12,23,60,4923,1,2047,174370
fd00::209:9:9:9,19,0,1,8,28,180020,13,12,60,12,817,100,-91,13,25,60,2260,1,4048,182280
fd00::209:9:9:9,19,0,1,7,27,190589,14,13,60,12,7824,100,-91,14,27,60,4221,1,4192,194810
fd00::209:9:9:9,19,0,1,7,27,201158,15,14,60,12,1394,100,-91,15,29,60,4362,1,2517,205520
fd00::209:9:9:9,19,0,1,7,27,211730,16,16,60,12,574,100,-91,16,32,60,4500,1,2912,216230
fd00::209:9:9:9,19,0,1,8,28,232873,18,18,60,12,947,100,-91,19,35,60,10587,1,1803,243460
fd00::209:9:9:9,19,0,1,7,27,243443,19,19,60,12,1095,100,-91,19,37,60,5477,1,3872,248920
fd00::209:9:9:9,19,0,1,7,27,254013,20,20,60,12,1384,100,-91,21,39,60,10727,1,3982,264740
fd00::209:9:9:9,19,0,1,8,28,264584,21,21,60,12,1394,100,-91,21,41,60,5336,1,4687,269920
fd00::209:9:9:9,19,0,1,7,27,275155,22,22,60,12,1057,100,-91,23,43,60,8135,1,2733,283290
fd00::209:9:9:9,19,0,1,8,28,285726,23,23,60,12,366,100,-91,23,45,60,2674,1,3053,288400
fd00::209:9:9:9,19,0,2,7,28,296297,24,24,60,12,863,100,-91,24,47,60,1273,1,2706,297570
fd00::209:9:9:9,19,0,1,7,27,306870,25,25,60,12,804,100,-91,25,49,60,80,1,1452,306950
fd00::209:9:9:9,19,0,0,8,27,317440,26,26,60,12,5574,100,-91,26,51,60,2110,1,4747,319550
fd00::209:9:9:9,19,0,1,7,27,328012,27,27,60,12,3274,100,-91,27,53,60,288,1,3527,328300
fd00::209:9:9:9,19,0,0,8,27,338585,28,28,60,12,486,100,-91,28,55,60,75,1,593,338660
fd00::209:9:9:9,19,0,0,8,27,349156,29,29,60,12,494,100,-91,29,57,60,74,1,2837,349230
fd00::209:9:9:9,19,0,1,7,27,359723,30,30,60,12,506,100,-91,31,59,60,1897,1,2073,361620
fd00::209:9:9:9,19,0,1,8,28,370295,31,31,60,12,374,100,-91,32,61,60,2805,1,992,373100
fd00::209:9:9:9,19,0,1,7,27,380867,32,33,60,12,814,100,-91,33,64,60,3153,1,1982,384020
fd00::209:9:9:9,19,0,1,8,28,391439,33,33,60,12,814,100,-91,34,65,60,2031,1,1982,393470
fd00::209:9:9:9,19,0,1,7,27,402008,34,35,60,12,975,100,-91,35,68,60,212,1,977,402220
fd00::209:9:9:9,19,0,0,8,27,412582,35,35,60,12,975,100,-91,36,69,60,838,1,977,413420
fd00::209:9:9:9,19,0,1,8,28,423151,36,37,60,12,714,100,-91,37,72,60,2589,1,2527,425740
fd00::209:9:9:9,19,0,1,8,28,433721,37,38,60,12,514,100,-91,38,74,60,2939,1,2217,436660
fd00::209:9:9:9,19,0,0,8,27,444292,38,39,60,12,3044,100,-91,39,76,60,1188,1,2677,445480
fd00::209:9:9:9,19,0,0,8,27,454863,39,40,60,12,3824,100,-91,40,78,60,907,1,2122,455770
fd00::209:9:9:9,19,0,1,8,28,465435,40,41,60,12,1104,100,-91,41,80,60,695,1,937,466130
fd00::209:9:9:9,19,0,0,8,27,476008,41,42,60,12,1184,100,-91,42,82,60,202,1,1012,476210
fd00::209:9:9:9,19,0,1,8,28,486575,42,43,60,12,1614,100,-91,43,84,60,485,1,3082,487060
fd00::209:9:9:9,19,0,1,8,28,507721,44,45,60,12,3244,100,-91,46,86,60,11469,1,2947,519190
fd00::209:9:9:9,19,0,1,8,28,550003,46,49,60,12,3702,100,-91,50,88,60,3837,1,7687,553840
fd00::209:9:9:9,19,0,1,7,27,560572,47,50,60,12,914,100,-91,51,90,60,2858,1,2277,563430
fd00::209:9:9:9,19,0,1,7,27,571145,48,52,60,12,514,100,-91,52,93,60,4045,1,2567,575190
fd00::209:9:9:9,19,0,1,7,27,581715,49,53,60,12,944,100,-91,53,95,60,2645,1,1627,584360
fd00::209:9:9:9,19,0,1,7,27,592286,50,54,60,12,535,100,-91,54,97,60,5094,1,2332,597380
fd00::209:9:9:9,19,0,0,8,27,602857,51,55,60,12,827,100,-91,55,99,60,1593,1,2198,604450
fd00::209:9:9:9,19,0,1,7,27,613429,52,56,60,12,694,100,-91,56,101,60,121,1,1642,613550
fd00::209:9:9:9,19,0,1,8,28,623999,53,57,60,12,634,100,-91,57,103,60,2081,1,1927,626080
fd00::209:9:9:9,19,0,0,8,27,634570,54,58,60,12,784,100,-91,58,105,60,400,1,952,634970
fd00::209:9:9:9,19,0,1,7,27,645142,55,59,60,12,514,100,-91,59,107,60,118,1,1377,645260
fd00::209:9:9:9,19,0,1,8,28,655712,56,60,60,12,314,100,-91,60,109,60,118,1,1452,655830
fd00::209:9:9:9,19,0,0,8,27,666284,57,61,60,12,464,100,-91,61,111,60,116,1,2857,666400
fd00::209:9:9:9,19,0,0,8,27,676857,58,62,60,12,336,100,-91,62,113,60,1583,1,798,678440
fd00::209:9:9:9,19,0,1,8,28,687425,59,63,60,12,274,100,-91,63,115,60,115,1,2552,687540
fd00::209:9:9:9,19,0,1,8,28,697996,60,64,60,12,494,100,-91,64,117,60,954,1,3852,698950
fd00::209:9:9:9,19,0,1,8,28,708566,61,65,60,12,1414,100,-91,65,119,60,1164,1,4592,709730
fd00::209:9:9:9,19,0,1,8,28,719137,62,66,60,12,514,100,-91,66,121,60,393,1,1972,719530
fd00::209:9:9:9,19,0,0,8,27,729708,63,67,60,12,1154,100,-91,68,123,60,2982,1,2187,732690
fd00::209:9:9:9,19,0,1,8,28,740279,64,68,60,12,1094,100,-91,69,125,60,4941,1,2297,745220
fd00::209:9:9:9,19,0,1,7,27,750852,65,70,60,12,554,100,-91,70,128,60,3748,1,2272,754600
fd00::209:9:9:9,19,0,0,8,27,761423,66,71,60,12,1404,100,-91,71,130,60,6827,1,4097,768250
fd00::209:9:9:9,19,0,1,8,28,771996,67,71,60,12,1404,100,-91,72,131,60,1364,1,4097,773360
fd00::209:9:9:9,19,0,1,8,28,782563,68,72,60,12,2464,100,-91,73,133,60,1297,1,2037,783860
fd00::209:9:9:9,19,0,1,7,27,793138,69,74,60,12,734,100,-91,74,136,60,1082,1,1732,794220
fd00::209:9:9:9,19,0,1,8,28,814280,71,76,60,12,614,100,-91,76,139,60,1150,1,2687,815430
fd00::209:9:9:9,19,0,1,7,27,824851,72,77,60,12,1675,100,-91,77,141,60,4789,1,3602,829640
fd00::209:9:9:9,19,0,2,6,27,835422,73,78,60,12,1054,100,-91,78,143,60,168,1,1717,835590
fd00::20a:a:a:a,165,0,0,1200,1365,91844,1,0,60,0,0,0,0,0,1,60,2306,2,0,94150
fd00::20a:a:a:a,18,0,0,8,26,102029,2,1,60,12,1936,100,-91,1,3,60,4861,2,3278,106890
fd00::20a:a:a:a,18,0,0,8,26,112216,3,2,60,12,894,100,-91,2,5,60,1394,2,1637,113610
fd00::20a:a:a:a,18,0,0,8,26,122405,4,2,60,12,894,100,-91,3,6,60,1635,2,1637,124040
fd00::20a:a:a:a,18,0,0,8,26,132588,5,3,60,12,3284,100,-91,4,8,60,2582,2,2097,135170
fd00::20a:a:a:a,18,0,0,8,26,142777,6,5,60,12,784,100,-91,5,11,60,2543,2,2492,145320
fd00::20a:a:a:a,18,0,0,8,26,152964,7,5,60,12,784,100,-91,6,12,60,4186,2,2492,157150
fd00::20a:a:a:a,18,0,0,7,25,163149,8,6,60,12,4084,100,-91,7,14,60,4361,2,4562,167510
fd00::20a:a:a:a,18,0,0,8,26,173337,9,8,60,12,1657,100,-91,8,17,60,1453,2,1458,174790
fd00::20a:a:a:a,18,0,0,8,26,183525,10,9,60,12,1104,100,-91,9,19,60,1625,2,2477,185150
fd00::20a:a:a:a,18,0,0,8,26,193714,11,10,60,12,904,100,-91,10,21,60,2286,2,2867,196000
fd00::20a:a:a:a,18,0,0,8,26,203899,12,11,60,12,1754,100,-91,12,23,60,9181,2,6407,213080
fd00::20a:a:a:a,18,0,0,8,26,214086,13,12,60,12,1204,100,-91,14,25,60,19854,2,6727,233940
fd00::20a:a:a:a,18,0,0,8,26,224273,14,13,60,12,3104,100,-91,14,27,60,14637,2,8867,238910
fd00::20a:a:a:a,18,0,0,8,26,234460,15,14,60,12,3957,100,-91,15,29,60,11240,2,7823,245700
fd00::20b:b:b:b,236,0,0,1928,2164,131392,1,0,60,0,0,0,0,0,1,60,2448,2,0,133840
fd00::20b:b:b:b,18,0,0,8,26,141513,2,0,60,0,0,0,0,1,2,60,4647,2,0,146160
fd00::20b:b:b:b,18,0,0,8,26,151638,3,1,60,12,2884,100,-43,2,4,60,1172,2,3157,152810
fd00::20b:b:b:b,18,0,0,8,26,161761,4,2,60,12,4224,100,-43,3,6,60,2389,2,2217,164150
fd00::20b:b:b:b,18,0,0,8,26,171886,5,3,60,12,4584,100,-43,4,8,60,6544,2,3657,178430
fd00::20b:b:b:b,18,0,0,8,26,182007,6,4,60,12,2147,100,-43,5,10,60,2233,2,4258,184240
fd00::20b:b:b:b,18,0,0,8,26,192130,7,5,60,12,9084,100,-43,7,12,60,11710,2,4647,203840
fd00::20b:b:b:b,18,0,0,8,26,202252,8,6,60,12,2304,100,-43,8,14,60,11668,2,7067,213920
fd00::20b:b:b:b,18,0,0,8,26,212374,9,7,60,12,4064,100,-43,8,16,60,3996,2,7002,216370
fd00::20b:b:b:b,18,0,1,8,27,232624,11,9,60,12,2754,100,-43,10,17,60,5936,2,7002,238560
fd00::20b:b:b:b,18,0,0,8,26,242744,12,11,60,12,1935,100,-43,11,20,60,6106,2,4012,248850
fd00::20b:b:b:b,18,0,0,8,26,252867,13,11,60,12,1935,100,-43,13,21,60,11803,2,4012,264670
fd00::20b:b:b:b,18,0,0,8,26,262990,14,12,60,12,8594,100,-43,13,23,60,6720,2,8112,269710
fd00::20b:b:b:b,18,0,0,8,26,273113,15,14,60,12,2947,100,-43,15,25,60,10107,2,6472,283220
fd00::20b:b:b:b,18,0,0,8,26,283236,16,15,60,12,1416,100,-43,15,27,60,5024,2,3228,288260
fd00::20b:b:b:b,18,0,0,8,26,293360,17,15,60,12,1416,100,-43,16,28,60,2810,2,3228,296170
fd00::20b:b:b:b,18,0,0,8,26,303483,18,16,60,12,4363,100,-43,17,30,60,177,2,3266,303660
fd00::20b:b:b:b,18,0,0,8,26,313606,19,17,60,12,5214,100,-43,18,32,60,5804,2,3132,319410
fd00::20b:b:b:b,18,0,0,8,26,323728,20,18,60,12,8164,100,-43,19,34,60,3522,2,5587,327250
fd00::20b:b:b:b,18,0,0,8,26,333851,21,20,60,12,1886,100,-43,20,37,60,399,2,1258,334250
fd00::20b:b:b:b,18,0,0,8,26,343975,22,21,60,12,3644,100,-43,21,39,60,1825,2,2872,345800
fd00::20b:b:b:b,18,0,0,8,26,354097,23,22,60,12,4006,100,-43,22,41,60,1573,2,2423,355670
fd00::20b:b:b:b,18,0,0,8,26,364221,24,23,60,12,2894,100,-43,23,43,60,199,2,1587,364420
fd00::20b:b:b:b,18,0,0,8,26,374344,25,24,60,12,3815,100,-43,24,45,60,436,2,2292,374780
fd00::20b:b:b:b,18,0,0,8,26,384466,26,25,60,12,3264,100,-43,25,47,60,324,2,2052,384790
fd00::20b:b:b:b,18,0,0,8,26,394590,27,26,60,12,3904,100,-43,26,49,60,2870,2,2757,397460
fd00::20b:b:b:b,18,0,0,8,26,404712,28,27,60,12,3495,100,-43,27,51,60,168,2,2167,404880
fd00::20b:b:b:b,18,0,0,8,26,414834,29,27,60,12,3495,100,-43,28,52,60,686,2,2167,415520
fd00::20b:b:b:b,18,0,0,8,26,424958,30,28,60,12,7074,100,-43,29,54,60,992,2,3782,425950
fd00::20b:b:b:b,18,0,0,8,26,435081,31,30,60,12,2334,100,-43,30,57,60,1649,2,2392,436730
fd00::20b:b:b:b,18,0,0,8,26,445204,32,31,60,12,4444,100,-43,31,59,60,1326,2,2852,446530
fd00::20b:b:b:b,18,0,0,8,26,455330,33,31,60,12,4444,100,-43,32,60,60,580,2,2852,455910
fd00::20b:b:b:b,18,0,0,8,26,465451,34,33,60,12,4674,100,-43,33,63,60,1799,2,2617,467250
fd00::20b:b:b:b,18,0,0,8,26,475573,35,34,60,12,3704,100,-43,34,65,60,147,2,2097,475720
fd00::20b:b:b:b,18,0,0,8,26,485696,36,35,60,12,3154,100,-43,35,67,60,1294,2,3467,486990
fd00::20b:b:b:b,18,0,1,7,26,495820,37,36,60,12,2954,100,-43,36,68,60,1250,2,3467,497070
fd00::20b:b:b:b,18,0,0,8,26,505942,38,37,60,12,5414,100,-43,38,71,60,8628,2,7257,514570
fd00::20b:b:b:b,91,0,3,41,135,556557,39,42,60,12,4764,100,-43,42,74,60,153,2,3257,556710
fd00::20b:b:b:b,18,0,0,8,26,566680,40,43,60,12,5264,100,-43,43,76,60,1790,2,4172,568470
fd00::20b:b:b:b,18,0,0,8,26,576804,41,44,60,12,2264,100,-43,44,78,60,206,2,2637,577010
fd00::20b:b:b:b,18,0,0,8,26,586927,42,45,60,12,3254,100,-43,45,80,60,443,2,2222,587370
fd00::20b:b:b:b,18,0,0,7,25,597052,43,46,60,12,2075,100,-43,46,82,60,2918,2,3732,599970
fd00::20b:b:b:b,18,0,0,8,26,607172,44,47,60,12,5377,100,-43,47,84,60,148,2,2793,607320
fd00::20b:b:b:b,18,0,0,8,26,617295,45,48,60,12,2864,100,-43,48,86,60,245,2,1887,617540
fd00::20b:b:b:b,18,0,0,8,26,627418,46,49,60,12,2804,100,-43,49,88,60,482,2,2872,627900
fd00::20b:b:b:b,18,0,0,8,26,637542,47,50,60,12,4844,100,-43,50,90,60,158,2,2702,637700
fd00::20b:b:b:b,18,0,0,8,26,647667,48,51,60,12,1984,100,-43,51,92,60,463,2,1517,648130
fd00::20b:b:b:b,18,0,0,8,26,657789,49,52,60,12,2414,100,-43,52,94,60,491,2,1487,658280
fd00::20b:b:b:b,18,0,0,8,26,667910,50,53,60,12,2494,100,-43,53,96,60,170,2,2892,668080
fd00::20b:b:b:b,18,0,0,8,26,678033,51,54,60,12,4326,100,-43,54,98,60,477,2,2268,678510
fd00::20b:b:b:b,18,0,0,8,26,688159,52,55,60,12,2934,100,-43,55,100,60,151,2,2657,688310
fd00::20b:b:b:b,18,0,0,8,26,698279,53,56,60,12,2454,100,-43,56,102,60,741,2,4097,699020
fd00::20b:b:b:b,18,0,0,8,26,708402,54,57,60,12,4424,100,-43,57,104,60,1258,2,4627,709660
fd00::20b:b:b:b,18,0,0,8,26,718528,55,58,60,12,2684,100,-43,58,106,60,442,2,2182,718970
fd00::20b:b:b:b,18,0,0,8,26,728648,56,59,60,12,3114,100,-43,59,108,60,192,2,2257,728840
fd00::20b:b:b:b,18,0,0,8,26,738772,57,60,60,12,2634,100,-43,61,109,60,5748,2,2257,744520
fd00::20b:b:b:b,18,0,0,8,26,748897,58,61,60,12,3064,100,-43,61,110,60,313,2,2257,749210
fd00::20b:b:b:b,18,0,0,8,26,759017,59,62,60,12,3074,100,-43,62,112,60,203,2,2342,759220
fd00::20b:b:b:b,18,0,0,8,26,769141,60,63,60,12,2524,100,-43,63,114,60,159,2,4167,769300
fd00::20b:b:b:b,18,0,0,8,26,779263,61,64,60,12,4634,100,-43,65,116,60,2007,2,2457,781270
fd00::20b:b:b:b,18,0,0,8,26,789390,62,65,60,12,8284,100,-43,66,118,60,3920,2,6627,793310
fd00::20b:b:b:b,18,0,0,8,26,799509,63,66,60,12,2554,100,-43,67,120,60,4721,2,2012,804230
fd00::20b:b:b:b,18,0,0,8,26,809633,64,67,60,12,3475,100,-43,68,122,60,5447,2,2227,815080
fd00::20b:b:b:b,18,0,0,8,26,819758,65,67,60,12,3475,100,-43,69,123,60,6032,2,2227,825790
fd00::20b:b:b:b,18,0,0,8,26,829879,66,69,60,12,7765,100,-43,70,126,60,3471,2,6612,833350
fd00::20c:c:c:c,38,0,0,18,56,21865,1,0,60,0,0,0,0,0,1,60,45,0,0,21910
fd00::20c:c:c:c,19,0,0,8,27,32694,2,1,60,12,44,100,-87,1,3,60,136,0,617,32830
fd00::20c:c:c:c,19,0,0,8,27,43527,3,2,60,12,54,100,-87,2,5,60,13,0,482,43540
fd00::20c:c:c:c,19,0,0,8,27,54360,4,3,60,12,64,100,-87,3,7,60,30,0,1852,54390
fd00::20c:c:c:c,19,0,0,8,27,65195,5,4,60,12,73,100,-87,4,9,60,45,0,561,65240
fd00::20c:c:c:c,19,0,0,8,27,76026,6,5,60,12,14,100,-87,5,11,60,64,0,847,76090
fd00::20c:c:c:c,19,0,0,8,27,86861,7,6,60,12,24,100,-87,6,13,60,9,0,642,86870
fd00::20c:c:c:c,19,0,0,8,27,97692,8,7,60,12,34,100,-87,7,15,60,28,0,997,97720
fd00::20c:c:c:c,19,0,0,8,27,108525,9,8,60,12,396,100,-87,8,17,60,45,0,898,108570
fd00::20c:c:c:c,19,0,0,8,27,119362,10,9,60,12,54,100,-87,9,19,60,58,0,1532,119420
fd00::20c:c:c:c,19,0,0,8,27,130193,11,11,60,12,74,100,-87,11,22,60,4767,0,2312,134960
fd00::20c:c:c:c,19,0,1,8,28,141025,12,12,60,12,224,100,-87,12,24,60,3525,0,2247,144550
fd00::20c:c:c:c,19,0,0,8,27,151859,13,13,60,12,24,100,-87,13,26,60,3821,0,2812,155680
fd00::20c:c:c:c,19,0,1,8,28,162692,14,14,60,12,34,100,-87,14,28,60,3348,0,2992,166040
fd00::20c:c:c:c,19,0,1,7,27,173523,15,15,60,12,47,100,-87,15,30,60,77,0,1388,173600
fd00::20c:c:c:c,19,0,0,8,27,184357,16,16,60,12,54,100,-87,16,32,60,2403,0,2407,186760
fd00::20c:c:c:c,19,0,1,8,28,195190,17,17,60,12,64,100,-87,17,34,60,880,0,1817,196070
fd00::20c:c:c:c,19,0,0,8,27,206024,18,18,60,12,74,100,-87,19,36,60,6566,0,2137,212590
fd00::20c:c:c:c,19,0,1,7,27,216859,19,19,60,12,14,100,-87,19,38,60,71,0,3017,216930
fd00::20c:c:c:c,19,0,0,8,27,227692,20,20,60,12,1214,100,-87,20,40,60,2048,0,1552,229740
fd00::20c:c:c:c,19,0,1,8,28,238523,21,21,60,12,107,100,-87,21,42,60,667,0,648,239190
fd00::20c:c:c:c,19,0,1,8,28,249356,22,22,60,12,45,100,-87,23,44,60,3694,0,1912,253050
fd00::20c:c:c:c,19,0,1,8,28,260189,23,24,60,12,64,100,-87,24,47,60,9311,0,4582,269500
fd00::20c:c:c:c,370,0,4,1148,1522,498515,27,45,60,12,14,100,-87,47,50,60,25,0,1582,498540
fd00::20c:c:c:c,19,0,0,9,28,509348,28,45,60,12,14,100,-87,48,51,60,42,0,1582,509390
fd00::20c:c:c:c,19,0,0,8,27,520180,29,45,60,12,14,100,-87,50,52,60,1250,0,1582,521430
fd00::20c:c:c:c,19,0,0,8,27,531014,30,45,60,12,14,100,-87,51,53,60,76,0,1582,531090
fd00::20c:c:c:c,19,0,0,9,28,541849,31,45,60,12,14,100,-87,52,54,60,1981,0,1582,543830
fd00::20c:c:c:c,19,0,0,8,27,552679,32,45,60,12,14,100,-87,53,55,60,41,0,1582,552720
fd00::20c:c:c:c,19,0,0,8,27,563512,33,45,60,12,14,100,-87,54,56,60,58,0,1582,563570
fd00::20c:c:c:c,19,0,0,8,27,574345,34,45,60,12,14,100,-87,55,57,60,355,0,1582,574700
fd00::20c:c:c:c,19,0,1,8,28,585178,35,46,60,12,59474,100,-80,56,59,60,92,0,29772,585270
fd00::20c:c:c:c,19,0,1,8,28,596012,36,49,60,12,44805,100,-75,57,63,60,108,0,22752,596120
fd00::20c:c:c:c,19,0,0,8,27,606845,37,50,60,12,37467,100,-77,58,65,60,55,0,18942,606900
fd00::20c:c:c:c,19,0,0,9,28,617678,38,50,60,12,37467,100,-77,59,66,60,72,0,18942,617750
fd00::20c:c:c:c,19,0,0,8,27,628510,39,50,60,12,37467,100,-77,60,67,60,20,0,18942,628530
fd00::20c:c:c:c,19,0,0,9,28,639344,40,50,60,12,37467,100,-77,61,68,60,36,0,18942,639380
fd00::20c:c:c:c,19,0,0,9,28,650179,41,50,60,12,37467,100,-77,63,69,60,541,0,18942,650720
fd00::20c:c:c:c,19,0,0,8,27,661009,42,50,60,12,37467,100,-77,64,70,60,2521,0,18942,663530
fd00::20c:c:c:c,19,0,0,8,27,671842,43,50,60,12,37467,100,-77,65,71,60,18,0,18942,671860
fd00::20c:c:c:c,19,0,0,9,28,682675,44,50,60,12,37467,100,-77,66,72,60,805,0,18942,683480
fd00::20c:c:c:c,19,0,1,8,28,693509,45,52,60,12,51404,100,-78,67,75,60,401,0,25737,693910
fd00::20c:c:c:c,19,0,1,8,28,704342,46,55,60,12,33867,100,-77,68,79,60,698,0,16968,705040
fd00::20c:c:c:c,19,0,0,8,27,715177,47,55,60,12,33867,100,-77,69,80,60,13,0,16968,715190
fd00::20c:c:c:c,19,0,0,9,28,726007,48,55,60,12,33867,100,-77,70,81,60,33,0,16968,726040
fd00::20c:c:c:c,19,0,0,9,28,736841,49,55,60,12,33867,100,-77,71,82,60,3059,0,16968,739900
fd00::20c:c:c:c,19,0,0,8,27,747674,50,55,60,12,33867,100,-77,72,83,60,66,0,16968,747740
fd00::20c:c:c:c,19,0,0,8,27,758507,51,55,60,12,33867,100,-77,73,84,60,13,0,16968,758520
fd00::20c:c:c:c,19,0,0,9,28,769339,52,55,60,12,33867,100,-77,74,85,60,31,0,16968,769370
fd00::20c:c:c:c,19,0,0,9,28,780173,53,55,60,12,33867,100,-77,76,86,60,2847,0,16968,783020
fd00::20c:c:c:c,19,0,2,7,28,801838,55,63,60,12,8854,100,-81,78,95,60,7432,0,9607,809270
fd00::20c:c:c:c,19,0,2,6,27,812672,56,63,60,12,8854,100,-81,79,96,60,1288,0,9607,813960
fd00::20c:c:c:c,19,0,1,8,28,823505,57,66,60,12,65,100,-87,80,100,60,45,0,1537,823550
fd00::20c:c:c:c,19,0,0,8,27,834338,58,67,60,12,284,100,-87,81,102,60,62,0,1962,834400
fd00::20c:c:c:c,19,0,0,8,27,845171,59,68,60,12,224,100,-87,82,104,60,1129,0,742,846300
fd00::20c:c:c:c,19,0,0,8,27,856002,60,69,60,12,234,100,-87,83,106,60,308,0,1412,856310
fd00::20c:c:c:c,19,0,0,8,27,866837,61,70,60,12,34,100,-87,84,108,60,883,0,682,867720
fd00::20c:c:c:c,19,0,0,8,27,877672,62,71,60,12,44,100,-87,85,110,60,58,0,792,877730
fd00::20c:c:c:c,19,0,0,8,27,888503,63,72,60,12,54,100,-87,86,112,60,77,0,1357,888580
fd00::20c:c:c:c,58,0,2,24,84,921002,64,76,60,12,24,100,-87,90,116,60,1598,0,1167,922600
fd00::20c:c:c:c,19,0,1,8,28,931835,65,77,60,12,35,100,-87,91,118,60,3715,0,2747,935550
fd00::20c:c:c:c,19,0,1,8,28,942666,66,78,60,12,46,100,-87,92,120,60,304,0,303,942970
fd00::20c:c:c:c,19,0,0,8,27,953501,67,79,60,12,54,100,-87,93,122,60,39,0,1742,953540
fd00::20c:c:c:c,19,0,0,8,27,964334,68,80,60,12,63,100,-87,95,123,60,7126,0,1742,971460
fd00::20c:c:c:c,38,0,1,17,56,986000,69,82,60,12,14,100,-87,96,125,60,20,0,742,986020
fd00::20c:c:c:c,292,0,3,308,603,1148497,70,98,60,12,34,100,-87,112,127,60,63,0,1837,1148560
fd00::20c:c:c:c,19,0,0,8,27,1159328,71,99,60,12,44,100,-87,113,129,60,292,0,2052,1159620
fd00::20c:c:c:c,19,0,0,8,27,1170161,72,101,60,12,64,100,-87,115,132,60,2759,0,1432,1172920
fd00::20c:c:c:c,19,0,0,8,27,1180994,73,102,60,12,74,100,-87,116,134,60,5156,0,1542,1186150
fd00::20c:c:c:c,19,0,1,8,28,1191827,74,103,60,12,16,100,-87,118,135,60,14133,0,1542,1205960
fd00::20c:c:c:c,292,0,7,360,659,1354322,75,118,60,12,34,100,-87,133,137,60,248,0,1592,1354570
fd00::20c:c:c:c,19,0,0,8,27,1365155,76,119,60,12,44,100,-87,134,139,60,55,0,757,1365210
fd00::20c:c:c:c,19,0,0,8,27,1375988,77,120,60,12,54,100,-87,135,141,60,72,0,1392,1376060
fd00::20c:c:c:c,19,0,0,8,27,1386821,78,121,60,12,64,100,-87,136,143,60,19,0,1642,1386840
fd00::20c:c:c:c,19,0,0,8,27,1397656,79,122,60,12,74,100,-87,137,145,60,34,0,2172,1397690
fd00::20c:c:c:c,19,0,0,8,27,1408487,80,123,60,12,15,100,-87,138,147,60,53,0,1302,1408540
fd00::20c:c:c:c,19,0,0,8,27,1419320,81,124,60,12,24,100,-87,139,149,60,70,0,1692,1419390
fd00::20c:c:c:c,428,0,3,407,838,1657646,82,147,60,12,54,100,-87,163,151,60,24,0,2687,1657670
fd00::20c:c:c:c,19,0,0,8,27,1668481,83,148,60,12,64,100,-87,164,153,60,39,0,1572,1668520
fd00::20c:c:c:c,1091,0,9,3238,4338,2275127,84,202,60,12,116,100,-87,225,156,60,13,0,1633,2275140
fd00::20c:c:c:c,19,0,0,8,27,2285962,85,203,60,12,54,100,-87,226,158,60,28,0,2092,2285990
fd00::20c:c:c:c,19,0,0,8,27,2296795,86,204,60,12,64,100,-87,227,160,60,45,0,1327,2296840
fd00::20c:c:c:c,19,0,0,8,27,2307628,87,205,60,12,75,100,-87,228,162,60,62,0,1472,2307690
fd00::20c:c:c:c,19,0,0,8,27,2318459,88,206,60,12,14,100,-87,229,164,60,11,0,1722,2318470
fd00::20c:c:c:c,19,0,0,8,27,2329294,89,207,60,12,24,100,-87,230,166,60,26,0,1587,2329320
fd00::20c:c:c:c,19,0,0,8,27,2340125,90,209,60,12,44,100,-87,232,169,60,2565,0,1317,2342690
fd00::20c:c:c:c,19,0,0,8,27,2350958,91,210,60,12,54,100,-87,233,171,60,972,0,937,2351930
fd00::20c:c:c:c,19,0,0,8,27,2361791,92,211,60,12,64,100,-87,234,173,60,1409,0,1432,2363200
fd00::20c:c:c:c,19,0,0,8,27,2372624,93,212,60,12,74,100,-87,235,175,60,516,0,1542,2373140
fd00::20c:c:c:c,19,0,0,8,27,2383457,94,213,60,12,84,100,-87,236,177,60,43,0,812,2383500
fd00::20c:c:c:c,19,0,0,8,27,2394290,95,214,60,12,24,100,-87,237,179,60,60,0,922,2394350
fd00::20c:c:c:c,19,0,0,8,27,2405123,96,215,60,12,34,100,-87,238,181,60,77,0,1382,2405200
fd00::20c:c:c:c,19,0,0,8,27,2415956,97,216,60,12,46,100,-87,239,183,60,234,0,2823,2416190
fd00::20c:c:c:c,19,0,0,8,27,2426789,98,217,60,12,54,100,-87,240,185,60,41,0,972,2426830
fd00::20c:c:c:c,19,0,0,8,27,2437622,99,218,60,12,64,100,-87,241,187,60,58,0,1572,2437680
fd00::20c:c:c:c,19,0,0,8,27,2448455,100,219,60,12,74,100,-87,242,189,60,355,0,1192,2448810
fd00::20c:c:c:c,19,0,0,8,27,2459290,101,220,60,12,14,100,-87,243,191,60,20,0,1582,2459310
fd00::20c:c:c:c,19,0,0,8,27,2470121,102,222,60,12,34,100,-87,245,194,60,2909,0,1487,2473030
fd00::20c:c:c:c,19,0,0,8,27,2480954,103,223,60,12,44,100,-87,246,196,60,3066,0,1982,2484020
fd00::20c:c:c:c,19,0,0,8,27,2491787,104,224,60,12,54,100,-87,247,198,60,73,0,902,2491860
fd00::20c:c:c:c,19,0,0,8,27,2502620,105,225,60,12,62,100,-87,248,200,60,790,0,1676,2503410
fd00::20c:c:c:c,19,0,0,8,27,2513455,106,226,60,12,74,100,-87,249,202,60,35,0,1157,2513490
fd00::20c:c:c:c,19,0,0,8,27,2524286,107,227,60,12,294,100,-87,250,204,60,54,0,1617,2524340
fd00::20c:c:c:c,19,0,0,8,27,2535119,108,228,60,12,25,100,-87,251,206,60,71,0,1447,2535190
fd00::20c:c:c:c,19,0,0,8,27,2545954,109,229,60,12,34,100,-87,252,208,60,86,0,1137,2546040
fd00::20c:c:c:c,19,0,0,8,27,2556785,110,230,60,12,44,100,-87,253,210,60,665,0,1492,2557450
fd00::20c:c:c:c,19,0,0,8,27,2567618,111,231,60,12,54,100,-87,254,212,60,52,0,2827,2567670
fd00::20c:c:c:c,19,0,0,8,27,2578451,112,232,60,12,64,100,-87,255,214,60,209,0,907,2578660
fd00::20c:c:c:c,19,0,0,8,27,2589284,113,233,60,12,74,100,-87,256,216,60,16,0,667,2589300
fd00::20c:c:c:c,19,0,0,8,27,2600117,114,235,60,12,24,100,-87,258,219,60,1573,0,817,2601690
fd00::20c:c:c:c,19,0,0,8,27,2610950,115,236,60,12,36,100,-87,259,221,60,610,0,753,2611560
fd00::20c:c:c:c,19,0,0,8,27,2621785,116,237,60,12,44,100,-87,260,223,60,1395,0,1562,2623180
fd00::20c:c:c:c,19,0,0,8,27,2632616,117,238,60,12,334,100,-87,261,225,60,924,0,1602,2633540
fd00::20c:c:c:c,19,0,0,8,27,2643449,118,239,60,12,66,100,-87,262,227,60,31,0,1678,2643480
fd00::20c:c:c:c,19,0,0,8,27,2654282,119,240,60,12,74,100,-87,263,229,60,48,0,737,2654330
fd00::20c:c:c:c,19,0,0,8,27,2665115,120,241,60,12,14,100,-87,264,231,60,65,0,777,2665180
fd00::20c:c:c:c,19,0,0,8,27,2675948,121,242,60,12,24,100,-87,265,233,60,82,0,1167,2676030
fd00::20c:c:c:c,19,0,0,8,27,2686783,122,243,60,12,34,100,-87,266,235,60,27,0,1347,2686810
fd00::20c:c:c:c,19,0,0,8,27,2697614,123,244,60,12,44,100,-87,267,237,60,46,0,1562,2697660
fd00::20c:c:c:c,19,0,0,8,27,2708447,124,245,60,12,54,100,-87,268,239,60,63,0,1777,2708510
fd00::20c:c:c:c,19,0,0,8,27,2719280,125,246,60,12,64,100,-87,269,241,60,10,0,802,2719290
fd00::20c:c:c:c,19,0,0,8,27,2730113,126,248,60,12,14,100,-87,271,244,60,1847,0,952,2731960
fd00::20c:c:c:c,19,0,0,8,27,2740946,127,249,60,12,24,100,-87,272,246,60,1024,0,922,2741970
fd00::20c:c:c:c,19,0,0,8,27,2751781,128,250,60,12,34,100,-87,273,248,60,1949,0,1802,2753730
fd00::20c:c:c:c,19,0,0,8,27,2762612,129,251,60,12,44,100,-87,274,250,60,988,0,1772,2763600
fd00::20c:c:c:c,19,0,0,8,27,2773445,130,252,60,12,54,100,-87,275,252,60,25,0,1182,2773470
fd00::20c:c:c:c,19,0,0,8,27,2784278,131,253,60,12,64,100,-87,276,254,60,42,0,662,2784320
fd00::20c:c:c:c,19,0,0,8,27,2795111,132,254,60,12,74,100,-87,277,256,60,59,0,737,2795170
fd00::20c:c:c:c,19,0,0,8,27,2805946,133,255,60,12,14,100,-87,278,258,60,4,0,567,2805950
fd00::20c:c:c:c,19,0,0,8,27,2816777,134,256,60,12,24,100,-87,279,260,60,23,0,677,2816800
fd00::20c:c:c:c,19,0,0,8,27,2827610,135,257,60,12,34,100,-87,280,262,60,40,0,1067,2827650
fd00::20c:c:c:c,19,0,0,8,27,2838443,136,258,60,12,324,100,-87,281,264,60,57,0,1702,2838500
fd00::20c:c:c:c,19,0,0,8,27,2849276,137,259,60,12,54,100,-87,282,266,60,74,0,482,2849350
fd00::20c:c:c:c,19,0,0,8,27,2860109,138,261,60,12,74,100,-87,284,269,60,2261,0,1052,2862370
fd00::20c:c:c:c,19,0,0,8,27,2870942,139,262,60,12,14,100,-87,285,271,60,1998,0,1442,2872940
fd00::20c:c:c:c,19,0,0,8,27,2881775,140,263,60,12,24,100,-87,286,273,60,335,0,852,2882110
fd00::20c:c:c:c,19,0,0,8,27,2892609,141,264,60,12,34,100,-87,287,275,60,211,0,1382,2892820
fd00::20c:c:c:c,19,0,0,8,27,2903441,142,265,60,12,44,100,-87,288,277,60,19,0,1597,2903460
fd00::20c:c:c:c,19,0,0,8,27,2914274,143,266,60,12,54,100,-87,289,279,60,36,0,1392,2914310
fd00::20c:c:c:c,19,0,0,8,27,2925107,144,267,60,12,64,100,-87,290,281,60,53,0,1362,2925160
fd00::20c:c:c:c,19,0,0,8,27,2935942,145,268,60,12,75,100,-87,291,283,60,68,0,1052,2936010
fd00::20c:c:c:c,19,0,0,8,27,2946773,146,269,60,12,14,100,-87,292,285,60,17,0,532,2946790
fd00::20c:c:c:c,19,0,0,8,27,2957608,147,270,60,12,24,100,-87,293,287,60,32,0,817,2957640
fd00::20c:c:c:c,19,0,0,8,27,2968441,148,271,60,12,34,100,-87,294,289,60,49,0,962,2968490
fd00::20c:c:c:c,19,0,0,8,27,2979272,149,272,60,12,44,100,-87,295,291,60,68,0,932,2979340
fd00::20c:c:c:c,19,0,0,8,27,2990105,150,274,60,12,64,100,-87,297,294,60,2255,0,1152,2992360
fd00::20c:c:c:c,19,0,0,8,27,3000938,151,275,60,12,74,100,-87,298,296,60,32,0,457,3000970
fd00::20c:c:c:c,19,0,0,8,27,3011771,152,276,60,12,14,100,-87,299,298,60,539,0,1127,3012310
fd00::20c:c:c:c,19,0,0,8,27,3022604,153,277,60,12,24,100,-87,300,300,60,66,0,1097,3022670
fd00::20c:c:c:c,19,0,0,8,27,3033437,154,278,60,12,34,100,-87,301,302,60,13,0,1172,3033450
fd00::20c:c:c:c,19,0,0,8,27,3044270,155,279,60,12,44,100,-87,302,304,60,30,0,1457,3044300
fd00::20c:c:c:c,19,0,0,8,27,3055103,156,280,60,12,54,100,-87,303,306,60,47,0,1147,3055150
fd00::20c:c:c:c,19,0,0,8,27,3065936,157,281,60,12,204,100,-87,304,308,60,64,0,907,3066000
fd00::20c:c:c:c,19,0,0,8,27,3076769,158,282,60,12,74,100,-87,305,310,60,11,0,597,3076780
fd00::20c:c:c:c,19,0,0,8,27,3087602,159,283,60,12,294,100,-87,306,312,60,28,0,1652,3087630
fd00::20c:c:c:c,19,0,0,8,27,3098435,160,284,60,12,24,100,-87,307,314,60,45,0,467,3098480
fd00::20c:c:c:c,19,0,0,8,27,3109270,161,285,60,12,34,100,-87,308,316,60,60,0,402,3109330
fd00::20c:c:c:c,19,0,0,8,27,3120101,162,287,60,12,54,100,-87,310,319,60,4349,0,1882,3124450
fd00::20c:c:c:c,19,0,0,8,27,3130934,163,288,60,12,64,100,-87,311,321,60,1146,0,1012,3132080
fd00::20c:c:c:c,19,0,0,8,27,3141767,164,289,60,12,74,100,-87,312,323,60,43,0,422,3141810
fd00::20c:c:c:c,19,0,0,8,27,3152600,165,290,60,12,14,100,-87,313,325,60,760,0,1547,3153360
fd00::20c:c:c:c,19,0,0,8,27,3163433,166,291,60,12,24,100,-87,314,327,60,7,0,1447,3163440
fd00::20c:c:c:c,19,0,0,8,27,3174266,167,292,60,12,34,100,-87,315,329,60,234,0,1732,3174500
fd00::20c:c:c:c,19,0,0,8,27,3185099,168,293,60,12,44,100,-87,316,331,60,41,0,1177,3185140
fd00::20c:c:c:c,19,0,0,8,27,3195934,169,294,60,12,54,100,-87,317,333,60,56,0,1252,3195990
fd00::20c:c:c:c,19,0,0,8,27,3206765,170,295,60,12,64,100,-87,318,335,60,75,0,977,3206840
fd00::20c:c:c:c,19,0,0,8,27,3217598,171,296,60,12,74,100,-87,319,337,60,22,0,947,3217620
fd00::20c:c:c:c,19,0,0,8,27,3228433,172,297,60,12,14,100,-87,320,339,60,107,0,637,3228540
fd00::20c:c:c:c,19,0,0,8,27,3239264,173,298,60,12,24,100,-87,321,341,60,56,0,887,3239320
fd00::20c:c:c:c,19,0,0,8,27,3250097,174,300,60,12,44,100,-87,323,344,60,1263,0,652,3251360
fd00::20c:c:c:c,19,0,0,8,27,3260930,175,301,60,12,266,100,-87,324,346,60,2750,0,1813,3263680
fd00::20c:c:c:c,19,0,0,8,27,3271763,176,302,60,12,64,100,-87,325,348,60,2487,0,2097,3274250
fd00::20c:c:c:c,19,0,0,8,27,3282596,177,303,60,12,74,100,-87,326,350,60,54,0,667,3282650
fd00::20c:c:c:c,19,0,0,8,27,3293431,178,304,60,12,14,100,-87,327,352,60,69,0,287,3293500
fd00::20c:c:c:c,19,0,0,8,27,3304262,179,305,60,12,94,100,-87,328,354,60,18,0,1377,3304280
fd00::20c:c:c:c,19,0,0,8,27,3315095,180,306,60,12,34,100,-87,329,356,60,35,0,507,3315130
fd00::20c:c:c:c,19,0,0,8,27,3325928,181,307,60,12,44,100,-87,330,358,60,52,0,1772,3325980
fd00::20c:c:c:c,19,0,0,8,27,3336761,182,308,60,12,54,100,-87,331,360,60,69,0,1217,3336830
fd00::20c:c:c:c,19,0,0,8,27,3347596,183,309,60,12,64,100,-87,332,362,60,14,0,802,3347610
fd00::20c:c:c:c,19,0,0,8,27,3358427,184,310,60,12,214,100,-87,333,364,60,33,0,457,3358460
fd00::20c:c:c:c,19,0,0,8,27,3369262,185,311,60,12,14,100,-87,334,366,60,48,0,462,3369310
fd00::20c:c:c:c,19,0,0,8,27,3380093,186,313,60,12,34,100,-87,336,369,60,1607,0,717,3381700
fd00::20c:c:c:c,19,0,0,8,27,3390926,187,314,60,12,44,100,-87,337,371,60,1414,0,757,3392340
fd00::20c:c:c:c,19,0,0,8,27,3401759,188,315,60,12,54,100,-87,338,373,60,1711,0,1672,3403470
fd00::20c:c:c:c,19,0,0,8,27,3412592,189,316,60,12,64,100,-87,339,375,60,48,0,802,3412640
fd00::20c:c:c:c,19,0,0,8,27,3423427,190,317,60,12,74,100,-87,340,377,60,203,0,492,3423630
fd00::20c:c:c:c,19,0,0,8,27,3434258,191,318,60,12,14,100,-87,341,379,60,12,0,987,3434270
fd00::20c:c:c:c,19,0,0,8,27,3445091,192,319,60,12,24,100,-87,342,381,60,29,0,607,3445120
fd00::20c:c:c:c,19,0,0,8,27,3455926,193,320,60,12,34,100,-87,343,383,60,114,0,752,3456040
fd00::20c:c:c:c,19,0,0,8,27,3466757,194,321,60,12,44,100,-87,344,385,60,63,0,1072,3466820
fd00::20c:c:c:c,19,0,0,8,27,3477590,195,322,60,12,54,100,-87,345,387,60,10,0,552,3477600
fd00::20c:c:c:c,19,0,0,8,27,3488423,196,323,60,12,64,100,-87,346,389,60,27,0,1327,3488450
fd00::20c:c:c:c,19,0,0,8,27,3499258,197,324,60,12,74,100,-87,347,391,60,42,0,1402,3499300
fd00::20c:c:c:c,19,0,0,8,27,3510089,198,326,60,12,24,100,-87,349,394,60,761,0,327,3510850
fd00::20c:c:c:c,19,0,0,8,27,3520924,199,327,60,12,36,100,-87,350,396,60,846,0,858,3521770
fd00::20c:c:c:c,19,0,0,8,27,3531755,200,328,60,12,44,100,-87,351,398,60,25,0,617,3531780
fd00::20c:c:c:c,19,0,0,8,27,3542588,201,329,60,12,54,100,-87,352,400,60,112,0,1322,3542700
fd00::20c:c:c:c,19,0,0,8,27,3553421,202,330,60,12,64,100,-87,353,402,60,689,0,1082,3554110
fd00::20c:c:c:c,19,0,0,8,27,3564256,203,331,60,12,74,100,-87,354,404,60,4,0,912,3564260
fd00::20c:c:c:c,19,0,0,8,27,3575087,204,332,60,12,14,100,-87,355,406,60,93,0,882,3575180
fd00::20c:c:c:c,19,0,0,8,27,3585922,205,333,60,12,24,100,-87,356,408,60,38,0,257,3585960
fd00::20c:c:c:c,19,0,0,8,27,3596753,206,334,60,12,34,100,-87,357,410,60,57,0,1627,3596810
fd00::20d:d:d:d,54,0,0,218,272,30828,1,0,60,0,0,0,0,0,1,60,462,1,0,31290
fd00::20d:d:d:d,18,0,0,8,26,40939,2,1,60,12,614,100,-68,1,3,60,851,1,762,41790
fd00::20d:d:d:d,18,0,0,8,26,51052,3,2,60,12,274,100,-68,2,5,60,3058,1,1887,54110
fd00::20d:d:d:d,18,0,0,8,26,61163,4,2,60,12,274,100,-68,3,6,60,227,1,1887,61390
fd00::20d:d:d:d,18,0,0,8,26,71278,5,4,60,12,434,100,-68,4,9,60,3552,1,1862,74830
fd00::20d:d:d:d,18,0,0,8,26,81391,6,5,60,12,374,100,-68,5,11,60,3589,1,922,84980
fd00::20d:d:d:d,18,0,0,8,26,91504,7,6,60,12,454,100,-68,6,13,60,2156,1,1802,93660
fd00::20d:d:d:d,18,0,0,7,25,101617,8,7,60,12,1026,100,-68,7,15,60,2403,1,1843,104020
fd00::20d:d:d:d,18,0,1,7,26,111730,9,8,60,12,264,100,-68,8,17,60,1810,1,1602,113540
fd00::20d:d:d:d,18,0,0,8,26,121845,10,8,60,12,264,100,-68,9,18,60,2125,1,1602,123970
fd00::20d:d:d:d,18,0,0,7,25,131954,11,9,60,12,3004,100,-68,10,20,60,3146,1,2062,135100
fd00::20d:d:d:d,18,0,0,7,25,142068,12,11,60,12,504,100,-68,11,23,60,2972,1,2317,145040
fd00::20d:d:d:d,18,0,0,8,26,152180,13,11,60,12,504,100,-68,12,24,60,4060,1,2317,156240
fd00::20d:d:d:d,18,0,0,7,25,162293,14,12,60,12,3454,100,-68,13,26,60,3817,1,3162,166110
fd00::20d:d:d:d,18,0,1,7,26,172409,15,14,60,12,957,100,-68,14,29,60,631,1,1423,173040
fd00::20d:d:d:d,18,0,0,7,25,182521,16,15,60,12,544,100,-68,15,31,60,2559,1,2442,185080
fd00::20d:d:d:d,18,0,0,8,26,192634,17,16,60,12,344,100,-68,16,33,60,3296,1,2832,195930
fd00::20d:d:d:d,18,0,0,8,26,202746,18,17,60,12,1474,100,-68,18,35,60,10194,1,6372,212940
fd00::20d:d:d:d,18,0,1,7,26,212859,19,18,60,12,154,100,-68,19,37,60,16811,1,3052,229670
fd00::20d:d:d:d,18,0,0,8,26,222973,20,19,60,12,2334,100,-68,20,39,60,14047,1,7852,237020
fd00::20d:d:d:d,18,0,1,8,27,233084,21,20,60,12,527,100,-68,21,41,60,11986,1,4883,245070
fd00::20d:d:d:d,18,0,1,7,26,243198,22,21,60,12,325,100,-68,22,43,60,15172,1,2892,258370
fd00::20d:d:d:d,1037,0,19,1811,2867,829755,24,64,60,12,205,100,-68,80,52,60,4085,1,1572,833840
fd00::20d:d:d:d,18,0,0,8,26,839866,25,65,60,12,424,100,-68,81,54,60,1534,1,1997,841400
fd00::20d:d:d:d,18,0,0,8,26,849979,26,66,60,12,364,100,-68,82,56,60,2901,1,3647,852880
fd00::20d:d:d:d,18,0,0,8,26,860094,27,67,60,12,654,100,-68,83,58,60,2936,1,3092,863030
fd00::20d:d:d:d,18,0,0,8,26,870205,28,68,60,12,4164,100,-68,84,60,60,2765,1,2712,872970
fd00::20d:d:d:d,18,0,0,7,25,880319,29,69,60,12,534,100,-68,85,62,60,2661,1,1632,882980
fd00::20d:d:d:d,18,0,0,8,26,890433,30,70,60,12,474,100,-68,86,64,60,7877,1,1847,898310
fd00::20d:d:d:d,18,0,0,7,25,900546,31,71,60,12,974,100,-68,87,66,60,6164,1,4197,906710
fd00::20d:d:d:d,18,0,0,8,26,910657,32,73,60,12,434,100,-68,88,69,60,4943,1,1337,915600
fd00::20d:d:d:d,18,0,0,7,25,920772,33,73,60,12,434,100,-68,89,70,60,5258,1,1337,926030
fd00::20d:d:d:d,18,0,0,8,26,930883,34,75,60,12,245,100,-68,90,73,60,4947,1,2887,935830
fd00::20d:d:d:d,18,0,0,7,25,940995,35,76,60,12,326,100,-68,91,75,60,1485,1,548,942480
fd00::20d:d:d:d,18,0,0,8,26,951109,36,77,60,12,474,100,-68,92,77,60,3271,1,2057,954380
fd00::20d:d:d:d,18,0,0,8,26,961222,37,78,60,12,553,100,-68,94,79,60,10168,1,4231,971390
fd00::20d:d:d:d,18,0,0,7,25,971335,38,79,60,12,214,100,-68,94,80,60,405,1,4231,971740
fd00::20e:e:e:e,154,0,0,1089,1243,86157,1,0,60,0,0,0,0,0,1,60,223,1,0,86380
fd00::20e:e:e:e,19,0,0,9,28,96920,2,1,60,12,1644,100,-83,1,3,60,100,1,2957,97020
fd00::20e:e:e:e,19,0,0,8,27,107683,3,2,60,12,1166,100,-83,2,5,60,117,1,1773,107800
fd00::20e:e:e:e,19,0,0,8,27,118446,4,3,60,12,5654,100,-86,3,7,60,134,1,3037,118580
fd00::20e:e:e:e,19,0,0,8,27,161500,8,5,60,12,5416,100,-92,9,10,60,11820,2,11632,173320
fd00::20e:e:e:e,19,0,0,9,28,183023,10,7,60,12,1799,100,-83,10,12,60,1707,2,7157,184730
fd00::20e:e:e:e,19,0,0,8,27,193787,11,9,60,12,1604,100,-36,12,15,60,11103,2,4932,204890
fd00::20e:e:e:e,19,0,0,9,28,204550,12,10,60,12,2664,100,-36,13,17,60,9790,2,6092,214340
fd00::20e:e:e:e,19,0,0,9,28,215313,13,11,60,12,1834,100,-36,14,19,60,11207,2,3157,226520
fd00::20e:e:e:e,19,0,0,9,28,226074,14,12,60,12,1984,100,-92,19,20,60,49306,2,3157,275380
fd00::20e:e:e:e,348,0,6,727,1081,419810,15,26,60,12,6304,100,-83,34,24,60,1870,1,3292,421680
fd00::20e:e:e:e,19,0,0,9,28,430573,16,27,60,12,2254,100,-83,35,26,60,6227,1,2492,436800
fd00::20e:e:e:e,19,0,0,8,27,441338,17,28,60,12,1214,100,-93,36,28,60,3862,1,3442,445200
fd00::20e:e:e:e,19,0,0,8,27,473625,20,29,60,12,3394,100,-71,41,30,60,23305,3,2712,496930
fd00::20f:f:f:f,189,0,0,1623,1812,105317,1,0,60,0,0,0,0,0,1,60,1713,3,0,107030
fd00::20f:f:f:f,18,0,0,8,26,126365,3,2,60,12,3774,100,-91,2,4,60,545,3,2237,126910
fd00::20f:f:f:f,18,0,0,8,26,136890,4,3,60,12,4974,100,-56,3,6,60,240,3,2942,137130
fd00::20f:f:f:f,18,0,0,8,26,147415,5,4,60,12,1904,100,-89,4,8,60,285,3,2632,147700
fd00::20f:f:f:f,18,0,0,8,26,157942,6,5,60,12,4504,100,-55,5,10,60,1938,3,4667,159880
fd00::20f:f:f:f,18,0,0,8,26,168463,7,5,60,12,4504,100,-55,6,11,60,1217,3,4667,169680
fd00::20f:f:f:f,18,0,0,8,26,178990,8,7,60,12,2217,100,-56,7,14,60,420,3,1983,179410
fd00::20f:f:f:f,18,0,0,8,26,189517,9,8,60,12,2014,100,-56,8,16,60,253,3,2512,189770
fd00::20f:f:f:f,18,0,0,8,26,200040,10,9,60,12,1324,100,-56,10,18,60,8630,3,2937,208670
fd00::20f:f:f:f,18,0,0,8,26,210565,11,10,60,12,2594,100,-56,12,20,60,12805,3,6442,223370
fd00::20f:f:f:f,18,0,0,8,26,221092,12,11,60,12,1834,100,-56,13,22,60,14528,3,6972,235620
fd00::20f:f:f:f,18,0,0,9,27,231614,13,12,60,12,10734,100,-91,13,23,60,6876,2,6972,238490
fd00::210:10:10:10,108,0,0,561,669,60274,1,0,60,0,0,0,0,0,1,60,6156,1,0,66430
fd00::210:10:10:10,325,0,4,192,521,441530,9,11,60,12,27834,100,-58,38,3,60,7660,2,9538,449190
fd00::210:10:10:10,36,0,1,15,52,471627,11,12,60,12,1044,100,-66,41,5,60,3183,1,2377,474810
fd00::210:10:10:10,18,0,0,8,26,481658,12,12,60,12,1044,100,-66,43,6,60,15482,1,2377,497140
fd00::211:11:11:11,386,0,0,3782,4168,215034,1,0,60,0,0,0,0,0,1,60,496,3,0,215530
fd00::211:11:11:11,18,0,0,9,27,225251,2,0,60,0,0,0,0,1,2,60,4699,3,0,229950
fd00::211:11:11:11,18,0,0,8,26,235472,3,1,60,12,5694,100,-56,4,4,60,20868,3,9182,256340
fd00::211:11:11:11,18,0,0,8,26,276350,7,5,60,12,8953,100,-93,7,6,60,9460,3,13388,285810
fd00::211:11:11:11,18,0,0,8,26,286571,8,5,60,12,8953,100,-93,8,7,60,12959,3,13388,299530
fd00::212:12:12:12,379,0,1,2075,2455,210928,1,0,60,0,0,0,0,0,1,60,4952,3,0,215880
fd00::212:12:12:12,1538,0,5,1218,2761,1972779,8,71,60,12,304,100,-67,176,5,60,31,0,1167,1972810
fd00::212:12:12:12,721,0,3,1810,2534,3249329,14,101,60,12,525,100,-78,303,7,60,71,0,512,3249400
fd00::212:12:12:12,170,0,2,77,249,3365379,17,105,60,12,644,100,-46,315,10,60,81,1,672,3365460
